grouping,unit,mean_N_export,mean_N_Ret_Ratio,mean_Sed_export,mean_Pollination,mean_Sed_Ret_Ratio,mean_Nature_Access,stdev_N_export,stdev_N_Ret_Ratio,stdev_Sed_export,stdev_Pollination,stdev_Sed_Ret_Ratio,stdev_Nature_Access,valid_count_N_export,valid_count_N_Ret_Ratio,valid_count_Sed_export,valid_count_Pollination,valid_count_Sed_Ret_Ratio,valid_count_Nature_Access
biome_merged,Boreal Forests/Taiga,0.0028209653014331,-0.0019880549686922,0.0390776526463173,0.0046472575925062,-6.006592552633e-4,-260.6052046107864,0.2537230307561999,0.0690384233280238,2.6186338215089857,0.356301848850646,0.0588435848175614,22492.544348266,108071351,101740514,111875054,2577665,100913671,3047029
biome_merged,Deserts & Xeric Shrublands,0.0212786625111752,0.0038762777624761,-0.2370887822111949,0.0214774591810342,0.001322482511354,-2241.4809726489534,0.9189207808638076,0.1227305102586314,14.295763359015814,0.4739831325380706,0.0168142109253436,172131.23183664502,314444317,150721381,169064397,12035643,155591377,6163128
biome_merged,Flooded Grasslands & Savannas,0.0720582027979692,-0.0017520976306242,-0.0090559206455514,0.0436404177580582,-2.234715449452e-4,-5092.020845109684,2.443493774416772,0.1057331341732928,4.440524685793318,0.3983822057532242,0.0307254622794317,227259.07080785555,10720275,8735265,11288674,1726771,9291612,129143
biome_merged,Lakes,0.0013738230410163,0.0077451282076091,0.0442506947645171,-0.0038968602515088,-0.0014821414990956,-2649.077803287052,0.12243170547448,0.1301257593801167,3.704417410356795,0.1774440867101019,0.0112606965411789,112002.71830962428,4986862,831665,545666,29818,260774,109764
biome_merged,Mangroves,-0.0301444799558294,-0.0028149079514332,-0.0195202627579745,0.0105740467410652,1.532436351206e-4,-4944.968338470159,2.1574189756735755,0.1184769385093862,5.245210925180206,0.1528907659242734,0.1159757543471047,310940.676842819,1476776,896294,1481299,650970,1320958,57104
biome_merged,"Mediterranean Forests, Woodlands & Scrub",0.175045813703617,-4.547837453486606e-5,-0.1606949816955844,0.0294218384889284,3.095674063345e-4,-3279.1338261314527,3.3456584683086854,0.1145978607161462,14.606596063161746,0.5941588968629931,0.0661810914683558,188383.43254211656,36886889,32920625,36734579,11215776,35229520,648812
biome_merged,Montane Grasslands & Shrublands,0.0473036006133945,3.745187856764e-4,-0.3598849302000604,0.0034606859073439,3.391778387161e-4,-4452.071176384711,2.169870668715971,0.1240861493803118,35.941942431678704,0.1361446705036785,0.1566392291681031,204473.95399634747,61270838,56597962,52966808,5494124,50725026,1006907
biome_merged,Rock & Ice,-0.0019710088598225,-0.0020871003813381,1.2286391453681358,1.6471554615554053e-5,-7.738094958814e-4,-0.3314625016055459,0.0973080752400862,0.0718525140605206,50.3071671108916,0.0046771753884296,0.006370569193565,61.30621092079415,1967174,1132525,607045,1309,441251,72016
biome_merged,Temperate Broadleaf & Mixed Forests,0.0367284832443912,-0.0042862987514615,0.1586134870380936,0.0314779265846873,-4.609606928195e-4,-7844.923084702588,4.97686250828981,0.1047723695056582,22.286885189293304,0.5204427960567335,0.099605577855956,324718.58115391125,170979971,160979738,177633709,54836462,165552653,2531304
biome_merged,Temperate Conifer Forests,0.0380237385243986,-9.139352314416e-4,0.1388347201627862,0.0215099691482564,-0.001046416730334,-4482.4075163201705,1.5742683120554877,0.0775638443549865,26.917222507198257,0.4585393975274587,0.1291922983036973,151634.7764516763,55782153,52967533,56835275,3700034,54372462,613811
biome_merged,"Temperate Grasslands, Savannas & Shrublands",0.0477117552548234,0.0013521780742062,-0.0099141143000394,0.0085015425156572,-3.206496836230135e-5,-1836.9275640659748,1.8120412070579024,0.0782409231315082,7.733511059089201,0.509828359295338,0.0166028864712164,94202.3653156447,140275598,132734378,146495575,41635720,137928648,1786986
biome_merged,Tropical & Subtropical Coniferous Forests,0.132376489893302,-3.926956472919e-4,0.4504854278652596,0.01987529711775,-0.0015251500451067,-6449.885042312342,2.6028842262229723,0.0821256695954167,66.56029535229219,0.4118881005780435,0.0245283364210861,375089.8059944284,7818429,7583302,7958031,1128025,7815077,109188
biome_merged,Tropical & Subtropical Dry Broadleaf Forests,0.0384123608119376,-0.0027598331568604,0.1138864549299844,0.0045517051160437,-0.0010828178524684,-2062.7243348954794,2.15966555618618,0.0810452813604668,30.70080755196264,0.2525909583614605,0.0764740413997575,153444.4790847073,30646935,28892063,31844553,10350146,30325669,670872
biome_merged,"Tropical & Subtropical Grasslands, Savannas & Shrublands",0.0112197485993212,8.226373134e-4,0.0265483706994164,0.0021904849008399,-4.710517062478e-4,-2021.379354227988,0.6490087502777223,0.0788274028289696,9.705535598975834,0.1448482162312983,0.0151901658357802,115070.95439161644,207819964,192651937,206341269,34654941,196486574,4846726
biome_merged,Tropical & Subtropical Moist Broadleaf Forests,0.0925979176450968,-0.0036590621031956,0.5593217289052794,0.0080267655758175,-0.0015995156600565,-1400.3253328618018,2.7216560225846607,0.0853773293386107,55.515004958472836,0.4862278145978729,0.086356686217526707,186314.97517602783,197469797,186652134,205617372,40653805,196051144,4026596
biome_merged,Tundra,-1.079457730787e-4,-0.0032604741809256,0.4197528825256382,-0.0054825260646824,-0.002294934036418,-2.0947192737838,0.1025200906651272,0.071990321897017,28.18899578787899,0.3265495896227119,0.0456153110871775,662.8519354603615,8101118,7573122,6418243,2811,6231284,1369840
country_merged,Afghanistan,0.0259573882644996,-0.0016481494473345,-0.0873779351596344,0.0627909681322936,4.805783489557e-4,-8408.345267470553,0.3537676981144343,0.1361958567592406,13.389812626095242,0.2733274478077519,0.0094214241709466,222418.70181654373,7734225,6279749,5443060,9726,5059034,21479
country_merged,Albania,-0.3326730582502943,0.0098175451473173,-8.103195354288527,-3.137119345074e-4,0.009560517083486,7402.555498458376,2.1846244170817646,0.094122822396297,78.01791612484304,0.0272414852417985,0.0294268764752274,68603.56395983431,341406,301352,367737,175060,352056,3892
country_merged,Algeria,0.0978717977607862,-0.0022810601584042,-0.1951079411343727,0.1121367137305497,4.728724136052e-4,-0.0630729999438287,2.01729652108132,0.1729294175817469,5.112983769588022,1.2776695646003748,0.0288401507066821,51.130210756051206,25916240,3187423,4115067,576663,3949356,382758
country_merged,American Samoa,NA,NA,NA,NA,NA,0,NA,NA,NA,NA,NA,0,0,0,0,0,0,16
country_merged,Andorra,0.0821701608203062,-0.0012639798911026,2.674186999843088,NA,-0.0053938273988081,0,0.3987445482104858,0.0306275539324782,49.35726394290186,NA,0.0168045319230761,0,6203,6127,6373,0,6270,5
country_merged,Angola,0.004086194475775,-7.658600441888e-4,0.2603432350111186,8.422005804422302e-5,-8.489109075951e-4,-2378.6106307686696,0.2495673859087916,0.0391520680173044,10.549725117383012,0.0010917747272843,0.0133674185706725,162457.75626009746,12806077,12028556,13245735,620882,12739709,274110
country_merged,Anguilla,NA,NA,NA,NA,NA,NA,NA,NA,NA,NA,NA,NA,0,0,0,0,0,0
country_merged,Antigua and Barbuda,NA,NA,NA,NA,NA,0,NA,NA,NA,NA,NA,0,0,0,0,0,0,63
country_merged,Argentina,0.0485654573874938,-0.0028307069600559,0.0065311758669805,8.692045705029e-4,-0.0016083487333912,-814.6183099897969,0.4445655154928787,0.0762796355074066,15.258046192842206,0.3922457631477249,0.0211778727949867,133805.01977506795,33682600,31537390,34022879,5982725,32000015,689984
country_merged,Armenia,0.0406083648673637,-0.0031221543746951,0.0138802957516381,0.0100723688806478,-1.607570865504e-4,-1776.9126266280753,0.6316404018717388,0.0699059609441667,14.518423909788345,0.1138473455059894,0.0231513744089191,65219.19693640366,392747,371098,391139,193136,378642,5528
country_merged,Aruba,NA,NA,NA,NA,NA,-24534.441964285717,NA,NA,NA,NA,NA,46979.88025057364,0,0,0,0,0,14
country_merged,Australia,0.0239733784959775,0.0014340830514584,0.0042676111872933,0.0024813267870439,5.893397784291e-4,-713.5565732208303,0.5748343330139346,0.0777095437831219,1.6432428479867858,0.2017597748564929,0.014811245763455,54636.76558852165,83851010,77725673,87246233,4781080,82800786,1909163
country_merged,Austria,0.2172738463200126,-0.0076591222259103,1.1292438041639734,0.0293926254470561,-0.0060395570968155,-4212.666789736017,6.201536164908084,0.118677771732184,20.566624577457336,0.4972889828392119,0.0202154275386023,213834.09156646545,1245276,1201295,1291795,241860,1231843,16251
country_merged,Azerbaijan,0.0059752232066379,0.003968773527112,0.0626758721073429,5.372861791815e-4,0.0011356604196525,-4338.929740333489,0.4242181004778091,0.0831505014192264,12.542352659143408,0.0460764923726025,0.0162711866772274,114301.7890951186,1065321,1011217,1116534,441010,1058088,19371
country_merged,Bahrain,NA,NA,NA,0.2302067798116932,NA,0,NA,NA,NA,0.1651474728327168,NA,0,0,0,0,23,0,105
country_merged,Bangladesh,0.0409407056444818,-0.0013945962723484,-0.0260167204192332,0.0097771019187614,1.835961064525e-4,200.66427315794175,3.9238781012815793,0.0928587882215572,1.860060636382838,0.1015299412112647,0.0069975910939428,375352.5614328256,1246288,1098886,1292884,463779,1157943,33563
country_merged,Barbados,NA,NA,NA,NA,NA,-13014.400297619048,NA,NA,NA,NA,NA,58202.16757653979,0,0,0,0,0,21
country_merged,Belarus,0.0319507118744144,-0.0024940530385997,-0.0030985927424405,0.0067810834944516,0.0010782952472016,4911.388282754195,2.187797398278633,0.1093314453085818,0.0862791467633082,0.32775772911009893,0.0159132836186263,133089.8472273071,3465973,3307716,3628508,1885260,3413132,32721
country_merged,Belgium,-0.9955750612738632,-0.0060093982453149,-0.0066649543845675,0.0569917443093289,3.740184531547e-4,-4931.501246882793,7.873512459817826,0.157676402109263,0.8315883935100007,0.4178355980003554,0.0110986416865967,152393.0376582447,473693,446713,497058,227840,470859,1203
country_merged,Belize,0.1459258773886645,-0.0159953074661057,0.1926949264909128,3.864650755248e-4,-0.0033112181925989,260.8933390198511,1.126773134364986,0.0887158562524866,2.652042646255861,0.0398737772496424,0.0233124095693084,2532.290676356833,209008,195627,217065,30987,203981,403
country_merged,Benin,-0.0463407084035434,0.0138936821747218,-0.0318585242237832,0.001816137383307,0.003162434526542,-4460.780414538901,0.9552812625844108,0.0632875507743721,2.0048654135692865,0.017530757775973,0.0901975582770975,162782.11119587015,1185726,1147710,1224819,400008,1185583,6658
country_merged,Bermuda,NA,NA,NA,NA,NA,NA,NA,NA,NA,NA,NA,NA,0,0,0,0,0,0
country_merged,Bhutan,-0.0280238616018159,5.333600237466e-4,-4.81466231014405,2.872499998711e-4,0.0031349080974774,-16.603090285055544,0.6806063554609779,0.0218411684785853,93.3939196748764,0.0544054767160973,0.014707476799358,930.3383946771864,444174,430623,449288,16812,432101,4771
country_merged,Bolivia,0.0163030475243233,-0.0034853161417192,-0.1747687752446422,-0.0073407622390997,-0.0024978961524692,-3200.7826719581813,0.1719334715407361,0.0839860594910592,29.66558892834417,0.0571404341811772,0.014107189914324,75478.66870762709,11255226,10509974,11581913,620376,10867626,259787
country_merged,"Bonaire, Sint Eustatius and Saba",NA,NA,NA,NA,NA,-1068.231919642857,NA,NA,NA,NA,NA,4339.178657649279,0,0,0,0,0,35
country_merged,Bosnia and Herzegovina,0.3758471884134958,-0.0107890230238947,0.8043228257302497,0.0188690249157557,-0.0071778136430045,-373.653960312076,1.9636260092331816,0.0974818428197484,32.3379240815763,0.1413669234263876,0.3106436100545454,35646.298641353824,662633,605291,703903,215890,657259,2948
country_merged,Botswana,-0.0259110426310164,0.004516990398316,-0.0015133971889499,-4.172568139077328e-6,4.787856401097e-4,-2492.906183870209,0.1049724604481885,0.0362282511682067,0.2014111356826617,6.592786380131e-4,0.0040312412991969,35464.91194041801,5890195,5568945,6505296,150603,5969067,12759
country_merged,Brazil,0.0327037786714297,-0.0030870803637637,-0.0484274914171182,0.0012257186695305,-0.0016197667439003,-815.3794147335534,0.9787221499086292,0.0725592724572011,10.702281004221678,0.0704396590913551,0.0362493888165761,189961.54696386855,87014234,83461870,90366502,18985069,86339650,2102222
country_merged,British Indian Ocean Territory,NA,NA,NA,NA,NA,0,NA,NA,NA,NA,NA,0,0,0,0,0,0,1
country_merged,British Virgin Islands,NA,NA,NA,NA,NA,-1673.0926513671875,NA,NA,NA,NA,NA,6479.859950642538,0,0,0,0,0,16
country_merged,Brunei,-0.0158874153414473,-0.0033217835199265,-0.1035711119275843,0.0010060175731711,7.467728264247e-4,1925.4476785714285,0.390689596089378,0.0798033397229984,3.998776950638952,0.0081260266646368,0.0102936316641972,50539.75621576095,50933,42000,52606,7799,50600,700
country_merged,Bulgaria,-0.1137019796269767,0.0020786786064511,-0.1951814120158779,3.766321914374e-4,0.003182794468936,1255.7244077374485,1.8123800278049975,0.0917651353643649,6.838276545781893,0.0491978221527132,0.0170858784333627,23183.02240388801,1517546,1464615,1567709,665373,1503915,13803
country_merged,Burkina Faso,0.0308123755468204,-0.0014222468276772,0.1234262800296287,8.914556173939e-4,-0.0019645254889501,-1710.1711949042583,0.2938033361918613,0.047952739834584,1.5344384764678494,0.0052607111253741,0.0121533847857209,60816.94598683114,2843941,2751784,2928233,1097768,2817005,50866
country_merged,Burundi,-0.0143121251645956,-6.49845907829e-4,2.642924174529642,0.0010072629781968,-0.0017126769868827,-2846.904931210388,0.5554851413991521,0.0600993857903101,78.47648567375191,0.0511992661888953,0.029767574578198,297260.39098075626,271119,240200,264001,151253,253125,6469
country_merged,Cabo Verde,NA,NA,NA,NA,NA,88.37627472864146,NA,NA,NA,NA,NA,1666.9888125994385,0,0,0,0,0,357
country_merged,Cambodia,0.0953784640035711,-0.0085528586528492,1.1169642468792136,4.591321508832e-4,-0.0066106192574487,-3667.389104773077,0.6637490465643782,0.0569592028270822,16.726934838636073,0.0097678703902144,0.063976530793184,45519.04621150019,1814555,1697620,1885262,399734,1781547,40917
country_merged,Cameroon,0.0092653595720495,-9.438170527963054e-5,0.5496006354235723,0.0024404685648717,-7.068779372628e-4,-452.97126251210847,0.2230069956486194,0.0293780586799764,33.92745581853845,0.0473745085624089,0.0098995709718935,45930.44325391424,4688066,4494361,4876747,454077,4672957,123880
country_merged,Canada,0.0140694154384413,-0.0019629138129363,0.0386169289269513,0.0059291996244588,-3.414818831536e-4,-409.7082100447047,0.9720424787083858,0.0794862758739361,12.21534405189047,0.3343738315831985,0.1143404553115357,55494.66712041064,87484285,80275191,87218251,5671016,76232597,2556332
country_merged,Cayman Islands,NA,NA,NA,NA,NA,0,NA,NA,NA,NA,NA,0,0,0,0,0,0,30
country_merged,Central African Republic,-0.0079859326917751,0.0011235073371754,0.0127198133020838,6.0448582403580496e-5,5.068323341593403e-5,-68.29517248887169,0.0894833581319905,0.0149548772056199,1.1857518381971095,0.0028087801795108,0.0039966916437276,5053.33147991891,6354996,6160166,6570775,89804,6344617,82672
country_merged,Chad,0.0098259852049101,0.0023874950962822,0.0131534195636647,5.883843712462e-4,-0.0017242822592743,-231.49861987381703,0.2529643038859915,0.1071301552120179,1.424059763111705,0.004484975411944,0.0092338387548794,4269.503473109922,12943551,6330656,6542951,1381752,6072649,45648
country_merged,Chile,0.0069992275119049,0.002630292455322,-0.6766049356516655,0.0387772287862996,4.931265636916e-4,-4114.643543559013,2.517510800702649,0.1438756366297634,28.799701662514725,0.4272147982905743,0.0344110555462735,178519.08154227937,7757927,5949631,5301225,485989,4915651,174717
country_merged,China,0.1427461888221952,-0.003338877546555,0.0755890515292294,0.0516821089924543,-2.097800073805987e-5,-8910.094826244214,5.949991708088721,0.1460167958706412,39.09256192566808,0.7696296427105163,0.0827638290087051,344036.46829129715,113770407,95795002,97149056,24285094,90558287,1862902
country_merged,Colombia,0.0145507919048527,-0.0019280992266154,0.485449164383527,-0.0067827549951378,-5.197297817637e-4,-1412.3548930031257,1.3284358960475078,0.069234135771112107,69.90591462939622,0.1599473984909002,0.0116290868676757,113027.43316208826,11310134,10691868,11873270,1283886,11226242,282812
country_merged,Comoros,NA,NA,NA,NA,NA,40.15723552178899,NA,NA,NA,NA,NA,3553.489937495925,0,0,0,0,0,109
country_merged,Cook Islands,NA,NA,NA,NA,NA,0,NA,NA,NA,NA,NA,0,0,0,0,0,0,5
country_merged,Costa Rica,-0.4373722952658552,0.0140151995519167,-0.7780505246470593,0.0496235758554959,0.0033371979706013,-9044.511417147934,3.536084266693868,0.1288509851892411,69.67958724372973,0.4138752400150971,0.0216652299981983,246326.32156272663,479622,420081,493284,178040,477188,11255
country_merged,Croatia,0.7042898875077385,-0.0069469639265738,-0.0755359127398019,0.0138662731691622,-0.0045794385648502,-6482.514985274585,4.881130436932661,0.1402804436663847,14.217003083738474,0.1928138846932242,0.0659975041027952,57970.38714989717,613820,533516,695105,310913,605763,17317
country_merged,Cuba,0.0495540684935281,-0.0012148910306781,0.0138134447313213,0.0120101361557693,-1.886809396534e-4,-397.071420439452,0.7393488668428899,0.0528935940262921,8.866855113804794,0.107957737046533,0.0485186212111726,64284.94950329234,979859,852084,994934,557024,956882,26351
country_merged,CuraÃ§ao,NA,NA,NA,NA,NA,-20062.37019230769,NA,NA,NA,NA,NA,50867.39253684597,0,0,0,0,0,52
country_merged,Cyprus,-0.026270049015847,0.0066505861488771,-0.3242035576929238,0.0131061775799367,0.0033345551035298,188.79299363057325,0.9570247393473632,0.1055862884845696,4.188407537043178,0.0860659840074013,0.0878802269250624,91421.76475084666,76576,60984,78036,9681,76265,1099
country_merged,Czechia,-0.1925556331461637,2.923989307721e-4,-0.0485991725602076,0.0127134971193791,4.284233157487e-4,5599.810023252362,5.968891126430716,0.142158820542951,1.7113093606828451,0.1659231546095443,0.0155986757548112,223943.63325457947,1225270,1181737,1272721,577599,1213681,20213
country_merged,Democratic Republic of the Congo,0.0031172106583461,-0.001383285606636,0.5001616423986449,9.887659721837e-4,-6.146123484645e-4,-390.33941323581394,0.1269124871644171,0.0314028542013493,31.198502236750738,0.0135562785974819,0.0114985755885724,95796.9221090383,23018834,22149902,24312928,1272471,23348001,376267
country_merged,Denmark,-0.3561596243995571,-0.0072621469041848,-0.0098540922914864,-0.0077052935910186,0.0023966391734898,7901.079466423441,3.888383614031704,0.1261594617901159,0.112771253935145,0.2197182780321862,0.2224061555418114,126313.89894428063,475066,393933,487954,471498,471707,8771
country_merged,Djibouti,0.0304778506875175,-0.0134967472542821,-0.770798595178788,NA,0.0015195604701532,-225.26295316008984,0.2614744340819313,0.2004906539995888,9.98546922598702,NA,0.0130224382188362,8362.889064428671,206522,67877,122044,0,118949,3117
country_merged,Dominica,NA,NA,NA,NA,NA,0,NA,NA,NA,NA,NA,0,0,0,0,0,0,105
country_merged,Dominican Republic,-0.2697334706564466,0.008721321281555,-1.6382023368121583,0.0358308187857196,0.0053644950064858,5656.319693339722,2.1958895782591994,0.1079048073961335,44.463779896734,0.2584899017634079,0.019330362232646,225252.50354403933,462231,427051,471711,207519,454743,10435
country_merged,East Timor,-0.0054453261191843,-2.6527175568876632e-5,-3.7328429118620754,6.237903450591025e-5,0.0032678302857381,-27.01575039748637,0.7952965487916476,0.0292646058970484,134.6705473150664,9.805087561896e-4,0.0177341373498313,1618.4467332028594,54675,46765,125054,88115,122373,3302
country_merged,Ecuador,-0.0446090208392328,0.0013164178661255,-0.6278322449928745,0.0099229694532287,7.877063795454e-4,-1442.1215862646852,1.1517274400893651,0.0661329673774203,53.06307829266266,0.0903760381398516,0.1055176052552,95697.34418233891,2464894,2307373,2545772,410495,2442711,58477
country_merged,Egypt,-0.0099353481129717,-0.0057072900917702,-0.0026306108128568,0.7305441569248862,0.0013087559591879,-32685.898263395604,1.065068483824836,0.0924908715624456,0.1741342876352439,2.695652578878293,0.0087783960415676009,790566.2902055314,10381005,503588,633609,100341,389459,47161
country_merged,El Salvador,-0.1110653657857029,0.0188382707046252,-3.598909727904544,0.0629558820706568,0.0084387174233435,47236.94418291863,1.3078557779609028,0.0911257318797469,22.39927457773302,0.13867029087118,0.0183430696928202,373359.8151174836,188430,168987,193094,69190,185723,2974
country_merged,Equatorial Guinea,3.989351816906e-4,1.659449127376e-4,0.2000022049158145,-0.0016987344800211,-5.899764903659e-4,-31.620534179956007,0.0647604141676029,0.0118736267322358,12.628020413373562,0.015894290082055,0.0088832080096333,652.765354388543,236630,209130,258655,9179,250077,3637
country_merged,Eritrea,0.0258686993476335,0.0059769595034973,-1.1966538669248077,6.097058444906084e-6,0.0033706705683993,71.57508876092729,0.3215004230401543,0.1647710660355573,59.77368024851128,3.670925206136e-4,0.0138439334626582,21655.24666330325,1213850,1019355,838819,242455,814279,33517
country_merged,Estonia,0.5252518198560164,-0.014950447400992,0.0079024404104944,-0.0029460619662542,-0.0042960478916952,-4201.551082802548,2.4101921041628938,0.1305555512763845,0.0670322930303526,0.136340693138841,0.0881601220634542,36791.884178634384,735223,647776,732994,228866,700093,11775
country_merged,Ethiopia,-0.0979543466082,0.0084276862151252,-2.655818148487626,1.024913871444e-4,0.004110963392401,1873.6544649476068,0.5928501610309255,0.0733809796187592,49.93657772195944,0.0032268718782256,0.0163492295051105,98087.5063677507,11566720,10954521,11591875,2231252,11194042,149733
country_merged,Falkland Islands,-0.0169543122121761,0.0016148180820097,0.0308901136221147,NA,-6.941428251450978e-5,0.7304645374145744,0.1213699124736833,0.0156406594445528,0.494636075952626,NA,0.0039316837990834,36.578942410690686,48003,30495,48349,0,46728,2579
country_merged,Faroe Islands,NA,NA,NA,NA,NA,0,NA,NA,NA,NA,NA,0,0,0,0,0,0,290
country_merged,Federated States of Micronesia,NA,NA,NA,NA,NA,0,NA,NA,NA,NA,NA,0,0,0,0,0,0,120
country_merged,Fiji,0.0066264439184834,-4.57556673433e-4,NA,NA,NA,NA,0.0905209434067934,0.0144747664718196,NA,NA,NA,NA,117046,93212,0,0,0,0
country_merged,Finland,NA,NA,NA,0.0080677325290754,NA,-3669.61733818465,NA,NA,NA,0.5672024293598424,NA,52406.99620462095,0,0,0,458527,0,82177
country_merged,France,-0.224354723852146,-0.0023190499470077,0.3941462301259483,0.0068459738148798,-3.485311008361e-4,3695.180441603815,4.270766802743211,0.1031541812751075,13.985977673527213,0.2051178543211311,0.0229235385493902,285009.8892135095,8636225,8160629,8933508,3417375,8563567,120787
country_merged,French Polynesia,NA,NA,NA,NA,NA,0,NA,NA,NA,NA,NA,0,0,0,0,0,0,233
country_merged,French Southern and Antarctic Lands,NA,NA,NA,NA,NA,NA,NA,NA,NA,NA,NA,NA,0,0,0,0,0,0
country_merged,Gabon,-0.0013099942160522,-4.15473960317e-4,0.0238622249578886,3.330379100917e-4,-3.531637647314e-4,-148.61242282186143,0.0917828871092631,0.0284143635516557,4.324250530073623,0.0063064068725067,0.0069187224628692,11925.526144100178,2600111,2427328,2707699,56968,2574160,69968
country_merged,Gambia,-0.0448228297264524,0.0060465447572597,-0.0270369550900226,9.591996205962e-4,0.0043578290831785,1225.0509615384617,0.3173225040041448,0.0488700406331574,0.4612671591170306,0.0173321082513383,0.0154378700353258,13195.77049545838,91538,76694,96691,65284,88233,650
country_merged,Georgia,-0.0166134205610981,-0.0012071259733226,0.3696015660357161,-0.00198374588294,3.651188048553e-4,3720.8125,1.31882546599772,0.072717414157727,29.38953661141221,0.0644227516248083,0.0192281266559878,110578.5787077122,913227,859050,943497,283301,911560,6464
country_merged,Germany,-0.6104875101494527,-0.0022353901371445,-0.0406528041672096,0.00422305210743,7.129717236945e-4,9858.964761779069,6.918716622504123,0.1516107695246097,2.3121882126219777,0.1523551501059595,0.0398455354609383,439549.3644551128,5499065,5195411,5762513,2616196,5414771,90924
country_merged,Ghana,-0.0746615313299338,0.0058665564151049,-0.3015574325199985,0.0025672293533273,0.0024918204860616,-1766.0616136919316,0.296859778550636,0.0584431409383871,12.39846347483415,0.0225974893165003,0.0264875800890257,101662.7708503148,2414496,2300317,2469176,731064,2366459,57260
country_merged,Gibraltar,NA,NA,NA,NA,NA,NA,NA,NA,NA,NA,NA,NA,0,0,0,0,0,0
country_merged,Greece,-0.0301154523422531,0.0062695155950698,-1.0914421440946571,0.0235960520973775,0.0037395661296457,5107.311886586695,2.636696323475037,0.0998479461925931,21.405517247002305,0.2799234466811528,0.0401498074972433,88316.00800032711,1247410,1104135,1285988,501394,1234065,29344
country_merged,Greenland,NA,NA,NA,NA,NA,0,NA,NA,NA,NA,NA,0,0,0,0,0,0,514926
country_merged,Grenada,NA,NA,NA,NA,NA,0,NA,NA,NA,NA,NA,0,0,0,0,0,0,5
country_merged,Guam,NA,NA,NA,NA,NA,2056.2916666666665,NA,NA,NA,NA,NA,18043.88596974857,0,0,0,0,0,78
country_merged,Guatemala,0.2383811175225317,-0.0076710099966143,-0.3273217535203,0.0334527405036553,-0.0042938836856205,-1240.6286871881025,2.1245512802593693,0.1066409939752281,50.03006240258847,0.3111082419092812,0.0697031543124451,254821.5157560469,1119530,1055573,1158424,340868,1097187,20239
country_merged,Guernsey,NA,NA,NA,NA,NA,NA,NA,NA,NA,NA,NA,NA,0,0,0,0,0,0
country_merged,Guinea,-0.0547222569139157,0.0043784047750652,-0.0862896754992776,-2.066859487961e-4,7.621994107893e-4,-170.17426636568848,0.3005133106010008,0.0272651061697387,22.87546131236193,0.0114206286122237,0.0411256874256691,46811.79936604188,2502200,2396462,2563153,554382,2474834,48730
country_merged,Guinea-Bissau,0.0337720323176691,-0.0036111535986893,0.0332303096302329,-0.0014404247833896,-0.0019882733633915,-760.917667367157,0.1904238025367919,0.0377453941140583,0.3394412860815123,0.0112302815702566,0.0344819409535317,20274.38955077711,281864,242884,292380,78408,277307,3331
country_merged,Guyana,0.0166231131704116,-0.0016500914053976,0.0350273977177817,-0.0059849075412436,-5.169312504589e-4,-82.05661197339246,0.3440011124053209,0.0327651027287059,5.553198550470501,0.0471415265805809,0.0034114075580024,4467.735963698124,2105367,2012788,2183884,30661,2090551,56375
country_merged,Haiti,0.0181627796796717,-0.0038837580245265,1.781006697257559,0.0236924460926757,-7.205769904486e-4,-1470.0014278065323,0.2878240615681196,0.0353370809503849,67.98660767216492,0.1246441378535052,0.0340332073393746,180201.06112737145,220157,178099,223487,58180,217455,5603
country_merged,Heard Island and McDonald Islands,NA,NA,NA,NA,NA,0,NA,NA,NA,NA,NA,0,0,0,0,0,0,61
country_merged,Honduras,0.0421502165291099,9.53039185213e-4,-0.5791621645034947,0.0331229984272047,-8.632821546092e-4,1308.9999616931625,1.2768480119960313,0.0971306004162267,41.93562065940382,0.1365015912621012,0.0228703133110771,72196.58943538438,1140984,1080964,1171659,328277,1128120,26105
country_merged,Hong Kong S.A.R.,-1.280273647784776,0.0412963834583249,-2.924179185984308,0.0072258206370482,0.0045364611377843,293577.30841121497,5.870165354076176,0.1692054790652359,61.44670137539906,0.0284057696973891,0.0130476787169775,1993788.0025758345,1161,585,1402,319,1343,214
country_merged,Hungary,-0.1830896088165624,-0.0043090037779382,-0.0145750036846411,0.0069916294487425,0.0013538542769295,6905.6968027093735,2.5940719823561778,0.1076096480761252,0.8579893366704805,0.1375662118534815,0.0110874309036603,142739.43080581966,1247062,1131735,1421441,753949,1177702,17421
country_merged,Iceland,NA,NA,NA,NA,NA,-55.85772610418071,NA,NA,NA,NA,NA,3512.640192566326,0,0,0,0,0,23728
country_merged,India,-0.0409567080821186,-0.0016496835244408,-0.2080837615322459,0.0041466465539226,5.226070289687e-4,-2895.120211090644,2.394536095521221,0.0732929911506178,30.402130259695284,0.1287787136290291,0.0393061083003305,256561.8399619211,34108445,32513194,34146319,11175025,32472733,763274
country_merged,Indonesia,0.1601098617374728,-0.0071610764387127,0.3084671098837149,0.0050135747244914,-0.0027011386068132,3059.8964113843804,2.649098273055292,0.1262524564865024,69.15922212788045,0.074406270856212,0.1056339511459567,286022.1932481228,16170325,14406993,16912406,6059521,16070451,428271
country_merged,Iran,0.215944084027629,0.001507040505498,0.2465811632271011,0.0744984796601521,-0.0011795711657634,-2856.1214712184046,2.515524735757793,0.1758165581707988,10.859506693997274,0.3403956363685227,0.0552948425904379,198768.09367005609,18715368,9253537,10685652,2095173,8917463,398119
country_merged,Iraq,0.0400371533687542,-0.001290569399096,-0.0202722323900083,-0.001379986589277,6.601825936956976e-5,-1417.3753727375697,5.285243852420495,0.161913033987295,3.633074988450005,0.0486393076825244,0.008923782764045,64129.19041907122,4886569,1286414,2478962,122347,2206679,86522
country_merged,Ireland,0.0360085614871877,-7.267508212427e-4,-0.0070051050483337,0.0049378254072125,2.811869353829e-4,-9453.61138347483,1.6916886675269605,0.0559518739199072,0.7857695466046568,0.279933059028366,0.0046024968511754,144226.2613862583,951003,849275,977965,58732,934898,16726
country_merged,Isle of Man,NA,NA,NA,NA,NA,-2623.282483552632,NA,NA,NA,NA,NA,15956.804612219155,0,0,0,0,0,76
country_merged,Israel,-0.2871276906247967,0.0054801316085497,-0.469209008938482,0.0929513527637519,0.004330058754803,-2586.255212858384,5.367796113291468,0.1461730629919208,4.7358045509518725,0.6851507689762731,0.0120215147578323,242565.83657935364,292079,167794,196398,104767,173783,4604
country_merged,Italy,0.0089867020777245,-0.0011849695645557,0.3787807082187537,0.0074191391738122,-8.549582900193e-4,1771.9291955544193,3.8008982809679086,0.1210390008985514,36.94704640750471,0.6433940337302673,0.1738952036827141,351660.30247456155,3754877,3457713,3876853,1308734,3723897,66493
country_merged,Ivory Coast,0.0284757694497477,0.0015894312926187,0.6251182342502218,0.0031963100478393,-0.0016023372724805,-5802.427559320763,0.5529046626114829,0.0518205889048484,19.311672612194837,0.019097821383871,0.0747767739795692,156268.38383166306,3278333,3161463,3381000,809624,3254887,26677
country_merged,Jamaica,0.3646020467921571,-0.015758523647854,3.490353457540135,-0.3075780916522511,-0.0089369676766266,-53520.9179331307,1.7200017032091297,0.0998541244433983,40.868475828528005,2.051873274745569,0.1520697714626697,256360.697177394,89967,73871,91192,22256,89525,2632
country_merged,Japan,0.2115430217059974,-0.0067041389840838,1.3666784651771946,0.1401995433724241,-0.0037922210908912,-14834.515318935208,4.394719525537296,0.1208893963197624,57.21484690155058,1.454075463025162,0.2066799693846157,628372.4435725403,3941952,3518947,4079611,938073,3939405,87604
country_merged,Jersey,NA,NA,NA,NA,NA,0,NA,NA,NA,NA,NA,0,0,0,0,0,0,6
country_merged,Jordan,0.0049016539340699,-0.0057045631701753,-0.049765565731609,0.030699652060189202,0.0029696137220934,-5010.048309178744,0.4510142998239154,0.1218335926922367,3.551101830187798,0.481406959407387,0.0092950952652361,308851.7038564715,1034668,169347,421810,51714,106029,12420
country_merged,Kazakhstan,0.0505689077921033,0.0147002081981824,-0.0059937206786644,-0.0010813856136527,0.0011080667014204,-268.63005491589763,0.887417802478924,0.1287834595881483,4.430846872306876,0.0548050635240869,0.0085614489045205,24710.88895515931,38921070,34809862,39797812,6012957,36220994,578521
country_merged,Kenya,0.0135244598361525,0.0069157444054123,-0.2391872293616867,0.0010467454400613,0.0014892676316215,-4663.375002490586,0.424631608368571,0.1128985593665772,19.28138587003277,0.0285002954799085,0.0142513312174059,291522.8132082044,5851419,5555548,5945435,1192649,5673918,100378
country_merged,Kiribati,NA,NA,NA,NA,NA,NA,NA,NA,NA,NA,NA,NA,0,0,0,0,0,0
country_merged,Kuwait,0.005826855419886,0.0119993543541729,-0.00617212158501,1.1154564632958188,-0.0039647761322886,-9739.672018348623,0.1712385331232028,0.1488433372367005,0.1215230893230312,1.6071546219861637,0.0211653459117909,122736.441975234,167877,12043,13933,429,12601,3488
country_merged,Kyrgyzstan,0.0353218302320401,-0.001477208064379,0.4650138258753113,-0.0022761926597364,-5.327694750664e-4,-677.1053309296935,0.8310817947893393,0.090495298579491,42.56599331209165,0.2019609622977813,0.0181698346287771,36445.94849159252,2514005,2343722,2544866,615019,2430926,38830
country_merged,Laos,0.0396046707108295,-0.0034326602937574,1.2185222578099617,-5.588594137629e-4,-0.0014955463523495,-598.025819265144,0.4979729272744611,0.0437590918606248,46.17078171300599,0.0215292866334793,0.0162312112637302,9342.28870075754,2455638,2365838,2542074,334011,2432015,29203
country_merged,Latvia,0.2124920712486588,-0.0118977279084295,0.0086175623883552,-0.0197124789095303,-0.0039227112336371,-4071.684029765312,1.1027993776352027,0.0927880659486532,0.0833133244089889,0.27736754421575,0.1120294322313472,56829.20578213407,1139839,1056902,1184561,338423,1118543,13976
country_merged,Lebanon,0.2922656864662618,-0.0019272054790652,-0.5321249575448284,0.0709963075245673,-8.58821701457e-4,-17252.821052631578,4.007931398857156,0.1068887682610268,26.522964771167167,0.6207515938821516,0.0209424467510637,359064.6093874978,113121,90639,114827,63041,112318,1330
country_merged,Lesotho,0.2080042511199834,-0.0037044783781951,1.1864799194660758,2.19330358963e-4,-0.0019419857374173,-20479.59624413145,1.6623023429756016,0.0544724724101606,21.865617372907696,0.0149125371161184,0.0124654791050987,112187.99258508606,352907,341609,368292,68740,356630,3408
country_merged,Liberia,0.1073067591744938,-0.0140127467508671,1.5402514096791204,0.0021921763697077,-0.0103745720323357,-5288.1414368462,0.4124127286573286,0.0542457191420208,23.900054738744537,0.0088136438066024,0.044190879813062,67609.13539832881,932858,866385,986040,178479,948469,11567
country_merged,Libya,0.0072638871994934,-9.920228744838e-4,-6.538832886623e-4,0.2341826124625604,-9.509950950226e-4,-387.9262122241,0.2983791137768442,0.1217724048555605,0.3893678722075037,1.0465665402589366,0.0131928364969703,23335.816228782805,17724947,726056,1315416,65105,476896,195859
country_merged,Liechtenstein,0.1498958392945489,-0.0107554788431845,1.6819674101211162,0.2373053444756402,-0.021165957600256802,0,4.007722372130299,0.1457535366770275,20.10941271236954,4.451007052472063,0.0234730396566491,0,2116,1936,2446,90,2362,8
country_merged,Lithuania,-0.0306344951701045,-0.0016418221467017,-0.004554789047461,0.0153462742420315,0.0013368033719396,5996.640417754569,0.9987741882736704,0.0820095069996569,0.0959785486871646,0.2592369455179568,0.0559385949371841,54069.81375355777,1142209,1092633,1178713,684890,1118802,9575
country_merged,Luxembourg,0.0249006563963941,-0.0039584846783747,-0.0775120789362023,0.0091438713548026,-0.0018459405510543,6022.078733766234,1.1676175116465484,0.0732432547622385,2.312437316579027,0.1465418911780056,0.0146149197715102,117672.77348199584,25429,24841,41759,16890,39914,616
country_merged,Macao S.A.R,NA,NA,NA,NA,NA,NA,NA,NA,NA,NA,NA,NA,0,0,0,0,0,0
country_merged,Macedonia,-0.1442363801991759,0.0067612090032832,-0.8923067430602276,0.0096372419159305,0.005753229040407,645.1515491036633,1.6135149052228512,0.0797728294337983,14.181118088769152,0.0704126580361334,0.0187481228700581,8066.66699152325,332721,315050,341870,121746,325161,2566
country_merged,Madagascar,0.0050909949207161,9.362592194916e-4,1.694418676524928,3.167196637249e-4,-0.0011870476850827,-738.6032209038432,0.1658460285642944,0.0374365776898578,39.459815665008776,0.0151148313894184,0.0244909627888244,43488.018080478265,6134034,5750334,6335397,750090,6097988,146729
country_merged,Malawi,0.7740505707026019,-0.0213425409574574,6.335398425399851,0.0039971278034058,-0.0187057351672153,-92327.7494972709,1.979619722708923,0.121804007413914,63.12311787085688,0.0285276896324955,0.0388840141481248,370983.4803094875,1126769,1001115,1024006,495204,983851,13924
country_merged,Malaysia,-0.0097573892674949,-0.0092851671457414,-0.010538323626088,0.0206252041732762,-0.0022298532319444,-3885.124931366448,3.308714342989295,0.1624380791894594,50.65265921116827,0.212992880727356,0.1216312399484062,227370.91275205763,3036027,2774880,3168853,1226746,3028997,81957
country_merged,Maldives,NA,NA,NA,NA,NA,0,NA,NA,NA,NA,NA,0,0,0,0,0,0,3
country_merged,Mali,0.010213332117389,0.0019972958092912,0.0323458218462687,1.166892032207e-4,-1.199754069249e-4,-5640.726255844099,0.2287400238479125,0.159555483957659,3.2480242383935773,0.0022545694273001,0.012336115888912,126821.31891986376,13000870,6313404,6190659,1633145,5849908,137318
country_merged,Malta,NA,NA,NA,NA,NA,0,NA,NA,NA,NA,NA,0,0,0,0,0,0,23
country_merged,Marshall Islands,NA,NA,NA,NA,NA,0,NA,NA,NA,NA,NA,0,0,0,0,0,0,4
country_merged,Mauritania,0.0072539074661745,1.101378254679e-4,-0.0080521787625611,-4.114240079665386e-5,-0.0010320626716002,13.147828199175752,0.231114887617791,0.191401053730036,2.5485744833614525,0.0014775179087739,0.0140960047897809,4072.709428600858,10846639,2417092,1983991,235039,1870945,76676
country_merged,Mauritius,NA,NA,NA,NA,NA,-65224.258278145695,NA,NA,NA,NA,NA,261347.60174868468,0,0,0,0,0,151
country_merged,Mexico,0.17116699048777,-0.0022188687010679,0.0757392585087392,0.0351639950698636,-8.587265385048e-4,-13898.87740346876,2.298836686674146,0.0774095038790694,18.706978979617567,0.6795397793147264,0.0291121127165361,428029.40541799227,20898885,19564904,21415276,3163807,20512253,484092
country_merged,Moldova,-0.0179448610271929,-2.8141723067423336e-5,-0.2618083405840108,0.0123415258730121,0.0034520934086884,538.9749543703102,0.2692751163334081,0.0358223904727596,1.9323891017325847,0.1186354077568145,0.0105103918503459,19223.61732820265,496102,467866,520641,206691,492196,4931
country_merged,Monaco,NA,NA,NA,NA,NA,NA,NA,NA,NA,NA,NA,NA,0,0,0,0,0,0
country_merged,Mongolia,0.0248424778344517,0.004006535463702,-0.549454415753592,-2.353327287422e-4,0.0017337038771325,1.3430824762658229,0.3022215929884088,0.1347280952345525,11.731210613370813,0.0011873920282218,0.0129578933565982,195.4405660873138,22328683,13954423,17960196,8736,17204725,17380
country_merged,Montenegro,0.0519626139133035,-7.925790537334e-4,-0.9602922559306568,0.0784335411089633,-9.677655651396e-4,5159.9384615384615,2.224342170809875,0.0859670970203377,92.3817998775674,0.3624433228512892,0.0531274163138871,31653.17675441556,151719,133961,164400,39737,159078,1755
country_merged,Montserrat,NA,NA,NA,NA,NA,NA,NA,NA,NA,NA,NA,NA,0,0,0,0,0,0
country_merged,Morocco,0.1979017760230906,7.865258234591e-4,0.0028592719702087,0.0403724667641767,7.598862616026e-4,-3113.9070911247627,1.7917296595007055,0.1705156054091432,20.639631765293156,0.3835768946284838,0.0153629427263916,101361.35638400028,4684849,3062022,3535916,779919,3399333,103693
country_merged,Moroco,7.92917877108333e-5,-0.0057266401946355,0.0026557455215309,NA,-0.001050836912319,0,0.0123172595770574,0.0591801899102839,0.2750788255687814,NA,0.0135239372891278,0,2926416,9434,14764,0,2223,40821
country_merged,Mozambique,0.0541836002624033,-0.0062787456456538,0.4870444838369399,-2.7184495393126338e-5,-0.0030538695188723,-2353.6355289198887,0.3357508773068666,0.0502072651074758,23.88704285941041,0.0044043232836858,0.0592833807789034,75966.07834330169,8120322,7743700,8381179,976556,7971398,197563
country_merged,Myanmar,0.0476925887806818,-0.0022339053940074,-0.6562410470296542,-2.277931401973855e-5,0.0011215657009336,-142.77678505227257,1.1104469991920896,0.0531511199583579,38.547190032418605,0.0214185814107495,0.0507636223713894,13695.743153867286,6821698,6361949,7106580,1512570,6767752,80922
country_merged,NOR,NA,NA,NA,NA,NA,0,NA,NA,NA,NA,NA,0,0,0,0,0,0,2
country_merged,Namibia,0.0072984374872825,0.0022160732950451,-0.3410251331457201,-5.990257602347051e-6,0.0021725682366438,-61.48168491416916,0.2267859833082465,0.0788468233330344,14.003994004998416,8.454772467389189e-5,0.0093791775707572,4901.408316016885,8846132,7270801,8014715,27542,7691322,244143
country_merged,Nauru,NA,NA,NA,NA,NA,0,NA,NA,NA,NA,NA,0,0,0,0,0,0,1
country_merged,Nepal,0.095827951611321,-0.0043022971134449,4.596213109870702,-1.792916804841e-4,-0.0023605967278254,-14608.418606960237,0.9492894365402984,0.0545368091501275,143.3474611725126,0.0356824370309976,0.0210652746188731,223443.34731897176,1682005,1625703,1691916,407069,1618232,20143
country_merged,Netherlands,-0.6947625849218524,0.0014261109718671,-0.002770256187318,0.4735824570077099,0.0013566479331282,-1500.0371404635578,5.660676441532843,0.149417073190367,0.0650720416018298,2.409599030580347,0.0263511482515195,936341.1321975891,488243,424119,509741,224517,474763,7162
country_merged,New Caledonia,0.0028579252817938,4.486166274321e-4,0.3490686930791009,NA,3.539067042509e-4,-426.603633792425,0.0768092998644856,0.0274656752098938,88.7336682688893,NA,0.0521812237988342,9114.67850079066,120815,92250,146585,0,142695,4066
country_merged,New Zealand,-0.0219398790128668,-0.0020379949448808,-0.4385508441505317,0.3744841855072193,-6.641198529414e-4,-160.3668728675744,1.631287656955682,0.0709596923183278,48.57882327811142,2.168340485576312,0.0327280587021298,38674.38889622679,3150335,2834064,2762422,40239,2648758,62722
country_merged,Nicaragua,0.0073330077633993,-0.0019529573496002,0.3354794675657994,-3.86545893717e-4,-0.0030725382623073,2722.447339039821,0.3474208056017062,0.0466042834761883,13.194906827237034,0.0401450306785111,0.0160719349769032,79749.86191316746,1272896,1131505,1232002,443341,1175010,32244
country_merged,Niger,0.0103912498549591,0.0061478388220693,0.2535128633007007,1.063567170668e-4,9.82660795906681e-5,-452.7346140163643,0.1879674994881798,0.1919607318501621,9.1767718703363,0.0068227647753532,0.0124402071882887,19971.517072108192,12324110,4597461,4290695,982665,4069230,112440
country_merged,Nigeria,0.013051929963677,0.0017636539052882,0.15715245041887,0.0205160501870246,-9.839913040573e-4,-8752.752105343745,0.5667275387635808,0.0447954906062508,10.384500235721411,0.1273845212157065,0.0323836155803355,453282.4351715286,9182064,8796377,9518944,3980491,9099531,84903
country_merged,Niue,NA,NA,NA,NA,NA,0,NA,NA,NA,NA,NA,0,0,0,0,0,0,19
country_merged,Norfolk Island,NA,NA,NA,NA,NA,NA,NA,NA,NA,NA,NA,NA,0,0,0,0,0,0
country_merged,North Korea,1.0634087156046543,-0.0175270148914372,7.927997662454862,0.0229605459202313,-0.0095184986889209,-6174.426882389545,4.994288187296897,0.1365415626390208,70.2813109618027,0.2439495434858713,0.2325960695246314,223637.9866930272,1487883,1408494,1546922,501594,1493045,17677
country_merged,Northern Mariana Islands,NA,NA,NA,NA,NA,0,NA,NA,NA,NA,NA,0,0,0,0,0,0,39
country_merged,Norway,NA,NA,NA,0.0674290913150481,NA,-2740.668641339343,NA,NA,NA,0.8395958774744112,NA,50715.96909660749,0,0,0,93354,0,93180
country_merged,Oman,0.0019594475013193,-0.0028197141415298,1.214924529314363,0.0113566896799481,-2.983498784884e-4,-132.6177355802085,0.185160079499647,0.0869225251936078,37.83784413398989,0.057433510577483,0.0143659721585349,9998.997337771258,3191957,602937,326120,6189,321150,68777
country_merged,Pakistan,0.0651942904692545,0.0105260558202836,-2.542417104028984,0.0031466798556684,0.004745328661386,-30286.875986629588,2.2182179180730697,0.1827334032738696,41.66326589532173,0.060973300937364,0.0193500047322421,856879.8833732179,9104461,7349049,6983150,1710757,6520461,71202
country_merged,Palau,NA,NA,NA,NA,NA,-30.10805996981534,NA,NA,NA,NA,NA,179.54632302310307,0,0,0,0,0,88
country_merged,Panama,-0.0093932720629119,-0.0025464495848329,-0.7878918098712652,0.0022180392398771,1.5984684808906625e-5,1210.7955582430873,0.9735161937778182,0.0705061108914476,47.79290489017753,0.0359254540755319,0.4492987583005742,79742.24264564803,656441,572040,669904,223383,644850,18191
country_merged,Papua New Guinea,0.0169315151821078,-0.0022864135768476,6.676294153028542,0.0026019073317951,-0.0022527498342864,-88.3460590799556,0.1840322357742015,0.0411100926845868,183.79729316737573,0.037469601163334,0.231977708498003,3123.3543223055385,4056222,3719433,4297695,696708,4107614,110799
country_merged,Paraguay,0.0763488550601063,-0.0082911268230584,0.0924328905877404,-0.0330111452311843,-0.0055982526689463,-4036.011949146655,0.3988684824008995,0.0597959928655325,1.7222854823905431,0.3131287008108354,0.0137440607447911,99637.74714947882,4225593,3980879,4547909,610833,4224373,43183
country_merged,Peru,0.0199807543945044,-0.0012676403128121,-1.0904556668692948,-0.0132586405631121,3.224894893276e-4,-736.4871563437661,0.6627722993975281,0.0835929882709321,47.10697131544734,0.1966049643824743,0.0138320499868291,79418.50626416296,13105232,11964450,12818224,448392,12239338,327944
country_merged,Philippines,-0.0378086181526946,-0.0011772557015219,4.844412627797722,0.0152870670351231,-4.623615887612029e-5,-4699.635405980616,1.6140386900085646,0.0950086721122875,142.13281018403802,0.1522361838620224,0.2960512725149156,321281.3835395161,2186298,1761676,2267157,1170310,2187376,65311
country_merged,Pitcairn Islands,NA,NA,NA,NA,NA,NA,NA,NA,NA,NA,NA,NA,0,0,0,0,0,0
country_merged,Poland,-0.1178962026575295,-0.0021480733667754,-0.0148173412989012,0.0347357724921242,0.0011556079869672,12466.058190432052,3.2520543979829126,0.1118428545552452,0.7405261825241107,0.4463579450169579,0.0387015418890238,213797.5596014284,5047846,4822561,5238212,2741015,4961068,77676
country_merged,Portugal,0.0451005046574401,-0.0022106167106303,0.2886343995402592,0.0123097229464621,-0.0015932840297769,-34212.466833011626,4.422978958134086,0.1222953045539587,7.1676456258133765,0.5391887112007658,0.0273798945573892,325116.4635445039,1109193,1010660,1142383,486861,1100344,21241
country_merged,Puerto Rico,-0.5901735815044117,0.0212870748959734,-3.4495956608396723,0.1599731654193938,0.0057943150703233,108794.83561643836,2.9486674121187377,0.144403986242374,29.702009095439504,0.27310719798523,0.0194362285201424,595237.0547704882,67435,55004,68360,23376,66733,1168
country_merged,Qatar,0.027470497140894,-0.0022131954350666,-0.0178365165699045,NA,0.0066797523378576,-1846.5706618962436,0.2453703311337138,0.1394412863009137,0.0614126148085691,NA,0.0127550215244073,61715.25448458045,100698,9346,2676,0,2544,1118
country_merged,Republic of Serbia,-0.0531175962588388,3.426999076683e-4,-0.2001493176206006,2.831928691021e-4,0.002067963966274,4141.733558830635,1.497562163547425,0.0836808298360411,8.857936386434336,0.1857986165025479,0.6918286816847125,78855.62206542504,1041281,974121,1293049,548941,1071014,20695
country_merged,Republic of the Congo,-0.0255853504569937,4.825036445066e-4,-0.4299192180561257,0.0025933356744664,0.0018856592246014,46.28291722556359,0.1913603309092768,0.035677496301151,11.160674147880234,0.0112539165466442,0.0119765376021482,6674.803310993071,3417552,3271319,3582917,149421,3397556,46222
country_merged,Romania,-0.0812590844659459,-0.003030177037832,-0.1505847002764407,0.0164393713866814,0.0018355328985879,3584.314947879769,1.2882976961391803,0.0835957536805701,3.747928826567557,0.1338988669764858,0.0176937058213602,79432.45430862624,3331236,3164975,3549404,1488936,3269711,39524
country_merged,Russia,0.0083278345251961,-0.0010165464565838,0.0741935272789195,0.0025225267272374,-5.954688305636e-4,-295.29488097700767,0.3889012592661121,0.057583475224269,4.7097614773144905,0.1969767882614422,0.0185595749607397,100123.85875653393,124265565,118248331,129440739,21388808,121916449,4476362
country_merged,Rwanda,0.0690311344351507,-0.0083794170229937,6.917212077825285,0.0292695698751388,-0.0036518263141504,8260.604959630911,0.716312926997112,0.0842103039356,105.96557648400032,0.3555979704082792,0.0340512645302949,132680.55350029867,252023,234613,254930,146743,238726,867
country_merged,Saint Barthelemy,NA,NA,NA,NA,NA,0,NA,NA,NA,NA,NA,0,0,0,0,0,0,2
country_merged,Saint Helena,NA,NA,NA,NA,NA,-36.30703209186422,NA,NA,NA,NA,NA,192.1187499330889,0,0,0,0,0,29
country_merged,Saint Kitts and Nevis,NA,NA,NA,NA,NA,0,NA,NA,NA,NA,NA,0,0,0,0,0,0,25
country_merged,Saint Lucia,NA,NA,NA,NA,NA,0,NA,NA,NA,NA,NA,0,0,0,0,0,0,14
country_merged,Saint Martin,NA,NA,NA,NA,NA,NA,NA,NA,NA,NA,NA,NA,0,0,0,0,0,0
country_merged,Saint Pierre and Miquelon,NA,NA,NA,NA,NA,0,NA,NA,NA,NA,NA,0,0,0,0,0,0,29
country_merged,Saint Vincent and the Grenadines,NA,NA,NA,NA,NA,0,NA,NA,NA,NA,NA,0,0,0,0,0,0,31
country_merged,Samoa,NA,NA,NA,NA,NA,0,NA,NA,NA,NA,NA,0,0,0,0,0,0,437
country_merged,San Marino,0.052589234246148,0.0089769154787063,-3.825148197642544,0.0034610189331902,0.0023235825070163,0,0.3493001581048722,0.081193963269337,21.75642525693305,0.0275204393160483,0.0083694301064228,0,225,200,342,450,342,4
country_merged,Saudi Arabia,0.0080318139961159,-0.0016038521715494,-0.1108674966520828,0.5301008448374632,-4.285080291967e-4,-240.40476078709176,0.2229375403432001,0.1583035381526222,11.853625915488484,1.6816578045844013,0.0153167545371804,23290.806423565788,20402789,2647427,1968388,89026,1149522,468662
country_merged,Senegal,-0.0180199887530144,0.0030425156947246,-0.0036664361110371,0.0016033822830069,8.62675459543e-4,-383.6221342472229,0.333175141881658,0.041421219703862,0.3632842716349783,0.0886149716966606,0.0067126618830204,5817.678351163072,2011539,1893162,2084604,506565,1985624,4231
country_merged,Seychelles,NA,NA,NA,NA,NA,0,NA,NA,NA,NA,NA,0,0,0,0,0,0,43
country_merged,Sierra Leone,-0.0130882861302127,0.0016044531102361,-0.3906556688383984,-4.062329931737e-4,8.54205639936e-4,-1242.7574071678096,0.2390495188230883,0.0330304727500484,24.98124420695637,0.0123298250382394,0.0745683423867947,51739.0663762648,702454,645581,727530,257264,697368,15458
country_merged,Singapore,0.9733225000966892,-0.1276773075724757,-0.3085206062563004,0.0286116070217556,-0.0093725386739997,-440304.5801526718,0.8903850650478193,0.1071873839274687,1.5576750857916126,0.0976310849121521,0.0083990565614821,1689301.249964503,808,172,1240,153,1172,131
country_merged,Sint Maarten,NA,NA,NA,NA,NA,NA,NA,NA,NA,NA,NA,NA,0,0,0,0,0,0
country_merged,Slovakia,-0.0618870777233224,-0.003764814990861,0.0628339967045309,0.025643136521451,-4.745432755102e-4,-522.5525981104652,2.8514037094508726,0.1064906299122502,4.5200960405170045,0.2622463269349653,0.0181429029765173,71777.19930980139,741383,710698,776369,232040,735471,2752
country_merged,Slovenia,2.3794834645215235,-0.0101185193730161,2.6715457188069767,0.0053494540294885,-0.0096411180199432,-23304.760991207037,11.93226593556141,0.1490562432951125,50.53312196646002,0.1677174659183601,0.0891896621206319,122614.9369392026,277464,259283,290690,66433,279242,2502
country_merged,Solomon Islands,7.491596323517e-4,5.099066203288e-4,0.5470776326129174,NA,-0.0024587559932458,NA,0.0192797418840682,0.0241599697993493,9.853611914386136,NA,0.3780892937279738,NA,99241,51284,99896,0,98159,0
country_merged,Somalia,0.0025440474689191,0.0023767726563172,0.0023914814953146,1.860844406662e-4,-1.4439234237379584e-5,-160.5009455979398,0.2126326957238332,0.1189151881163185,2.670982551046732,0.0096329916937407,0.0118053343311071,10213.141542881964,6221359,5823671,5789044,398776,5473871,198816
country_merged,South Africa,0.1010559232913083,-0.0037815703112827,0.3076912385755745,0.0027958383922343,-0.0020096288680312,-17991.28038638105,1.391052043688096,0.0564334690691433,7.64149972159008,0.0922340678638007,0.3003259611711498,409172.4678823998,14001751,13478100,14425999,1879474,13920680,284486
country_merged,South Georgia and the Islands,NA,NA,NA,NA,NA,0,NA,NA,NA,NA,NA,0,0,0,0,0,0,798
country_merged,South Korea,3.991476628943194,-0.0285457513400519,15.534239484018329,-0.0352216586408688,-0.0174160603189141,-105012.0915114873,16.565186878517476,0.2374398881556747,105.1409378048798,1.4203542360942878,0.53080086074577,1975571.3823649532,1032602,950243,1068255,494577,1026295,20675
country_merged,South Sudan,-0.0462119421732985,0.0064635686657755,-0.0443791262063815,-1.447522048879e-4,0.001626203361482,-219.1775744826574,0.1910963206457241,0.0334472751614675,3.166902965364567,0.0061647367846467,0.0062414440586822,13964.995877153557,6091027,5687109,6664869,287788,5994971,102205
country_merged,Spain,0.2181131084516542,-6.636283494478e-4,0.100907401056319,0.0124971670233436,-2.168999648489e-4,-5481.8798806047,4.002384588184659,0.1071098183362303,11.978014653169534,0.1359650214992406,0.0343975577594366,216863.0456509702,6408911,6131743,6624703,2559973,6380224,124293
country_merged,Spratly Islands,NA,NA,NA,NA,NA,NA,NA,NA,NA,NA,NA,NA,0,0,0,0,0,0
country_merged,Sri Lanka,0.1910773197183421,-0.0057459879895148,0.6152966883117916,0.0032552173233575,-0.0035773694370385,5205.296488508458,4.679644570548367,0.1355746584107864,32.853608519792125,0.2983444532510776,0.0700497609517903,266671.2661363335,611238,542444,628471,291936,598338,14837
country_merged,Sudan,0.0029883546491944,0.005469665292743,0.0452684757876473,5.560596021741e-4,-3.514313549815e-4,-745.5660323013481,0.1722804591350445,0.1469458947948161,3.6394534116725854,0.0051430775305876,0.0183598783046914,183900.98242216435,19323111,9395901,9189297,2842492,8588715,284694
country_merged,Suriname,0.0133745168203305,-0.0022974041654406,0.0012634659383572,-0.0052243192878632,-2.332279007543e-4,-2.733485760207149,0.3647513243301123,0.0461410823613823,0.0803598296980064,0.0159671470167586,0.0017839722720883,254.20317941528648,1471664,1404441,1513578,8161,1448812,18296
country_merged,Sweden,1.5541132040868928,-0.0173833265284177,0.0306219775940889,0.0679516659225761,-0.0049988856040378,-8550.988240710161,7.9193367918009345,0.1446673537020793,0.4935234963426702,0.6108480360810232,0.1422336619088086,84278.68830115335,1210504,1056681,1218607,433975,1111764,99921
country_merged,Switzerland,-0.216084584146057,-0.0057370926233885,2.882483308061557,0.1777512541996397,-0.0057470864935514,-7292.966537112523,5.741210917763701,0.1146664978099802,54.46769482565772,1.1679518485104514,0.0268798328471498,327185.5438268821,591632,554331,596845,98818,562181,10549
country_merged,Syria,0.0038240264875659,1.974570420288e-4,-0.2281316273860275,0.0508138371505379,0.0011499760380555,823.3097687433133,1.3380328219371955,0.1645233341632269,13.585623573609842,0.2598291194768261,0.0091039696763096,103190.51920830652,2150056,967971,1483428,308188,1257968,24302
country_merged,SÃ£o TomÃ© and Principe,0,NA,0.8091184893545766,NA,-0.0039361910631427,-1738.0054290254238,0,NA,5.021390356821575,NA,0.0132303141549905,17812.7604403033,1334,0,1423,0,1416,118
country_merged,Taiwan,0.0098967475989292,-0.0039297867238804,14.827740698954694,0.1754670933647205,-0.0056347144450917,-56592.615729832825,0.1078642255710457,0.0290090028313931,202.4522438340446,2.4679180694281384,0.2157281150936733,1007773.0193671044,249446,232985,367835,94412,356528,8913
country_merged,Tajikistan,-0.0120281666433742,0.0017246661092479,-0.0066046871442244,0.022867788125485,9.027437814721e-4,-1640.1448527996922,0.8861955507973388,0.1058114792188488,71.2595061314808,0.2515106319665141,0.0109076774301361,50548.33763516276,1799581,1656641,1295585,306692,1214963,25985
country_merged,Thailand,0.0613300932115145,-0.0024147590921654,0.2583863723700643,0.0042303553197026,-4.141814621908e-4,-7141.786114977074,1.7032186067353343,0.0769175158823395,26.117522249873858,0.0438388451229943,0.0392049337915318,420126.0926095129,5196461,4880658,5412680,1747976,5106369,117119
country_merged,The Bahamas,0.0116228687775155,0.0144974043974117,-5.718757646888e-4,NA,-2.075465923593068e-7,-333.0796703296703,0.1816189173237848,0.1400968018916794,0.0174455693826222,NA,0.0014627787058948,8044.584100096839,43924,22749,37506,0,31957,2457
country_merged,Togo,-0.1212081089584439,0.0113390622995217,-2.1245330229561765,0.0010913307142527,0.0063059018256117,-233.98384549109707,0.3286033315304483,0.0440862678902887,41.07947334396539,0.0091199496216088,0.0218533770329407,31112.98241162134,584030,565055,602278,248605,580730,13928
country_merged,Tonga,NA,NA,NA,NA,NA,0,NA,NA,NA,NA,NA,0,0,0,0,0,0,76
country_merged,Trinidad and Tobago,0.0047878872875315,-0.0024557519516701,0.0352090284411832,0.0434396884252367,-0.0015447797467318,-14784.955495004542,0.1173954200722685,0.0173199658907083,7.247958619440077,0.3207776487051928,0.0192328144578022,149154.32322538478,26543,20137,32156,11378,31464,1101
country_merged,Tunisia,0.3192664110958494,-0.0043398594278584,-0.0721158388034475,0.1775495386032564,-2.660486921342e-4,-2013.524174693725,2.975597960278644,0.179717183970411,3.655200442557125,0.5699851974246704,0.0100393777209771,55615.68548676463,1611882,673970,836896,169079,765799,42772
country_merged,Turkey,0.2299028985102218,0.001512662300511,-0.3248606109052406,0.0184414860450466,0.0018530082019309,-3474.427977400668,3.7642209426421935,0.1010130940248499,17.29415738067072,0.2449136817016143,0.1939143199939569,230402.028344069,9625393,9072994,9905366,4067158,9507060,195758
country_merged,Turkmenistan,0.0236035164623167,0.0025066155107524,-0.0709879537533028,0.0088723222856435,7.493824266795e-4,-156.5940419261566,0.3875341305090298,0.1305967235549009,2.1771769566679136,0.1046883785216535,0.0054138643883852,19449.174179753696,5831500,2361785,3937492,257964,3667489,71936
country_merged,Turks and Caicos Islands,0.0063042943801932,6.359052939677e-4,4.942863452725e-4,NA,-7.17266552472e-4,5.505345231395657,0.0498185811506246,0.0041817039648097,0.0173137480310994,NA,0.0019451810035837,41.92746009612272,1463,254,615,0,602,59
country_merged,Tuvalu,NA,NA,NA,NA,NA,0,NA,NA,NA,NA,NA,0,0,0,0,0,0,3
country_merged,Uganda,-0.0487875308682111,0.0036368510365461,0.5258175055600754,0.0028373125406105,0.0011260704153692,-6922.52374986729,0.3138793112694456,0.033074702213232,29.45546295988172,0.0467157314295778,0.013068820997683,135433.15018772372,2291597,2038573,2178028,681781,2074994,47095
country_merged,Ukraine,-0.0918617409441925,-0.0015052027704714,-0.0400606823962073,0.0126525506314052,0.0031549631607388,1264.3328637611282,0.8362738037879919,0.0651774410565642,1.1097023340912329,0.1689653950863757,0.0119854562716878,76392.10203552316,8894817,8388031,9283170,3811419,8733159,137714
country_merged,United Arab Emirates,0.0537644565607627,-0.0378599846870923,-0.5830738996047196,1.180784746962216,0.0103301562906213,-2397.6693380173456,0.3694324673800776,0.2388608242182118,4.760432514627047,1.2695699833619376,0.0178058424032521,53523.26654833941,669884,66687,33647,2114,31974,18218
country_merged,United Kingdom,-0.1252607401762883,-3.731818824651e-4,0.1132473808184206,0.111386042641832,4.8271950816035605e-5,-33803.31811252135,4.417417963620923,0.10772205595997,7.0755605152291245,1.1468849721030685,0.0704345752047967,694212.6950050952,3460581,3154976,3558268,1059863,3415543,54443
country_merged,United Republic of Tanzania,0.0098795874093151,-0.0029428186240887,-0.3578611462079243,1.882765837632e-4,-3.15850706351e-4,-910.1020184482876,0.3016205184640067,0.044204893750958,29.18495337260471,0.0121367916263979,0.0221897107105406,74121.32592153312,9392420,8601790,9260100,1891434,8866758,206198
country_merged,United States Minor Outlying Islands,NA,NA,NA,NA,NA,NA,NA,NA,NA,NA,NA,NA,0,0,0,0,0,0
country_merged,United States Virgin Islands,NA,NA,NA,NA,NA,1529.4942708333333,NA,NA,NA,NA,NA,8791.20003424758,0,0,0,0,0,30
country_merged,United States of America,0.0244657453224435,-0.0019384059239036,0.0874054222159667,0.0144439674799984,-8.854492508286e-4,-11542.91676333525,1.806227353524178,0.0656722582350459,8.29172992668241,0.8478913793475075,0.046665899383939,254656.9125070804,102102990,95721340,103631763,18789544,98610024,2143923
country_merged,Uruguay,-0.0406675039428295,0.0014703549335126,-0.0559785132866162,0.0012904038782678,0.0020098155983008,209.1454994758125,0.6571022430992896,0.0539152682111752,0.646668183146289,0.0303794160701502,0.0152658855446811,45712.05701295006,2082895,1971577,2148252,390665,2049571,40062
country_merged,Uzbekistan,-0.1210752088005261,0.0041849970426208,-0.0820878906876197,0.0031918153439647,0.00141697908054,-812.0995623632385,4.06017749956673,0.1642568166580079,18.50271308329744,0.0639728242213721,0.009865082584332,50515.32986276248,5552668,2772514,4210685,609204,3901717,65808
country_merged,Vanuatu,-0.00219335971644,0.0040573602580742,-60.79363567774465,NA,0.0165472936125621,31.392488016776515,0.0362538628568351,0.041452393617954,344.555834538624,NA,0.0426665050174492,500.2836954624429,22166,10848,27171,0,26836,1669
country_merged,Vatican,0,-0.0386896696355607,0.0014520325801438,NA,-1.491241984897e-4,0,0,0.1094303852900664,0.0018561756053003,NA,1.752146140787e-4,0,9,9,9,0,9,1
country_merged,Venezuela,-0.004301705389392,-8.07811208124e-4,0.1078766119889935,0.0040205603577256,-2.23534243191e-4,-518.3642514747505,1.1154761811252822,0.0595452112429479,18.322160527431897,0.2659475483312364,0.0207000095899814,25036.306368085392,9007426,8523216,9394450,1161295,8904327,209866
country_merged,Vietnam,0.5244944947428871,-0.0122230073015069,7.128401131965077,-0.0014933267005484,-0.0060500789107495,-1534.177789026688,5.566547998481108,0.1397098784348562,130.58917998796346,0.080406740098168,0.0475832963850324,243784.0067951069,3244081,3052726,3370422,1230331,3196689,71118
country_merged,Wallis and Futuna,NA,NA,NA,NA,NA,0,NA,NA,NA,NA,NA,0,0,0,0,0,0,2
country_merged,Yemen,0.0184840412479492,7.091252949243e-4,-0.5479006418694148,0.031510234935179,1.399068811314e-4,-873.6175843893686,0.3682479359486841,0.1180507450126769,20.095938841930792,0.1392285361834891,0.0091573846982564,36157.339882173954,4508212,1727800,2089210,103622,2035500,71336
country_merged,Zambia,0.0604667881864627,-0.001873054000986,0.1015841739979898,3.899358644026904e-5,-0.0014743590660632,-4416.724439584473,0.5218604396435458,0.0433273519034539,2.723928022764644,0.0023446722031467,0.0118512620632476,87189.76212838254,7721650,7369046,7974345,916720,7569006,117056
country_merged,Zimbabwe,0.0632880348869674,0.0038045090367025,0.1572263978250578,1.141397875357e-4,-2.032777791281e-4,-2502.345368255665,1.3016288568867005,0.0784011813542489,15.137173058435872,0.0027469228857243,0.0176628408184874,68321.09921141766,4058077,3919267,4311287,1209584,4158481,61737
country_merged,eSwatini,0.4184674843716101,-0.029505799448120502,4.633195177322371,-1.634753346614e-4,-0.0167923187512515,-1544.4460784313726,1.146591595662387,0.1001972648980202,40.72155822977132,0.0054461485722426,0.0343603113556236,4702.692051691262,198197,192422,203725,66121,197263,153
final_ES_change_analysis,biome_merged,NA,NA,NA,NA,NA,NA,NA,NA,NA,NA,NA,NA,NA,NA,NA,NA,NA,NA
final_ES_change_analysis,biome_merged,NA,NA,NA,NA,NA,NA,NA,NA,NA,NA,NA,NA,NA,NA,NA,NA,NA,NA
final_ES_change_analysis,biome_merged,NA,NA,NA,NA,NA,NA,NA,NA,NA,NA,NA,NA,NA,NA,NA,NA,NA,NA
final_ES_change_analysis,biome_merged,NA,NA,NA,NA,NA,NA,NA,NA,NA,NA,NA,NA,NA,NA,NA,NA,NA,NA
final_ES_change_analysis,biome_merged,NA,NA,NA,NA,NA,NA,NA,NA,NA,NA,NA,NA,NA,NA,NA,NA,NA,NA
final_ES_change_analysis,biome_merged,NA,NA,NA,NA,NA,NA,NA,NA,NA,NA,NA,NA,NA,NA,NA,NA,NA,NA
final_ES_change_analysis,biome_merged,NA,NA,NA,NA,NA,NA,NA,NA,NA,NA,NA,NA,NA,NA,NA,NA,NA,NA
final_ES_change_analysis,biome_merged,NA,NA,NA,NA,NA,NA,NA,NA,NA,NA,NA,NA,NA,NA,NA,NA,NA,NA
final_ES_change_analysis,biome_merged,NA,NA,NA,NA,NA,NA,NA,NA,NA,NA,NA,NA,NA,NA,NA,NA,NA,NA
final_ES_change_analysis,biome_merged,NA,NA,NA,NA,NA,NA,NA,NA,NA,NA,NA,NA,NA,NA,NA,NA,NA,NA
final_ES_change_analysis,biome_merged,NA,NA,NA,NA,NA,NA,NA,NA,NA,NA,NA,NA,NA,NA,NA,NA,NA,NA
final_ES_change_analysis,biome_merged,NA,NA,NA,NA,NA,NA,NA,NA,NA,NA,NA,NA,NA,NA,NA,NA,NA,NA
final_ES_change_analysis,biome_merged,NA,NA,NA,NA,NA,NA,NA,NA,NA,NA,NA,NA,NA,NA,NA,NA,NA,NA
final_ES_change_analysis,biome_merged,NA,NA,NA,NA,NA,NA,NA,NA,NA,NA,NA,NA,NA,NA,NA,NA,NA,NA
final_ES_change_analysis,biome_merged,NA,NA,NA,NA,NA,NA,NA,NA,NA,NA,NA,NA,NA,NA,NA,NA,NA,NA
final_ES_change_analysis,biome_merged,NA,NA,NA,NA,NA,NA,NA,NA,NA,NA,NA,NA,NA,NA,NA,NA,NA,NA
final_ES_change_analysis,country_merged,NA,NA,NA,NA,NA,NA,NA,NA,NA,NA,NA,NA,NA,NA,NA,NA,NA,NA
final_ES_change_analysis,country_merged,NA,NA,NA,NA,NA,NA,NA,NA,NA,NA,NA,NA,NA,NA,NA,NA,NA,NA
final_ES_change_analysis,country_merged,NA,NA,NA,NA,NA,NA,NA,NA,NA,NA,NA,NA,NA,NA,NA,NA,NA,NA
final_ES_change_analysis,country_merged,NA,NA,NA,NA,NA,NA,NA,NA,NA,NA,NA,NA,NA,NA,NA,NA,NA,NA
final_ES_change_analysis,country_merged,NA,NA,NA,NA,NA,NA,NA,NA,NA,NA,NA,NA,NA,NA,NA,NA,NA,NA
final_ES_change_analysis,country_merged,NA,NA,NA,NA,NA,NA,NA,NA,NA,NA,NA,NA,NA,NA,NA,NA,NA,NA
final_ES_change_analysis,country_merged,NA,NA,NA,NA,NA,NA,NA,NA,NA,NA,NA,NA,NA,NA,NA,NA,NA,NA
final_ES_change_analysis,country_merged,NA,NA,NA,NA,NA,NA,NA,NA,NA,NA,NA,NA,NA,NA,NA,NA,NA,NA
final_ES_change_analysis,country_merged,NA,NA,NA,NA,NA,NA,NA,NA,NA,NA,NA,NA,NA,NA,NA,NA,NA,NA
final_ES_change_analysis,country_merged,NA,NA,NA,NA,NA,NA,NA,NA,NA,NA,NA,NA,NA,NA,NA,NA,NA,NA
final_ES_change_analysis,country_merged,NA,NA,NA,NA,NA,NA,NA,NA,NA,NA,NA,NA,NA,NA,NA,NA,NA,NA
final_ES_change_analysis,country_merged,NA,NA,NA,NA,NA,NA,NA,NA,NA,NA,NA,NA,NA,NA,NA,NA,NA,NA
final_ES_change_analysis,country_merged,NA,NA,NA,NA,NA,NA,NA,NA,NA,NA,NA,NA,NA,NA,NA,NA,NA,NA
final_ES_change_analysis,country_merged,NA,NA,NA,NA,NA,NA,NA,NA,NA,NA,NA,NA,NA,NA,NA,NA,NA,NA
final_ES_change_analysis,country_merged,NA,NA,NA,NA,NA,NA,NA,NA,NA,NA,NA,NA,NA,NA,NA,NA,NA,NA
final_ES_change_analysis,country_merged,NA,NA,NA,NA,NA,NA,NA,NA,NA,NA,NA,NA,NA,NA,NA,NA,NA,NA
final_ES_change_analysis,country_merged,NA,NA,NA,NA,NA,NA,NA,NA,NA,NA,NA,NA,NA,NA,NA,NA,NA,NA
final_ES_change_analysis,country_merged,NA,NA,NA,NA,NA,NA,NA,NA,NA,NA,NA,NA,NA,NA,NA,NA,NA,NA
final_ES_change_analysis,country_merged,NA,NA,NA,NA,NA,NA,NA,NA,NA,NA,NA,NA,NA,NA,NA,NA,NA,NA
final_ES_change_analysis,country_merged,NA,NA,NA,NA,NA,NA,NA,NA,NA,NA,NA,NA,NA,NA,NA,NA,NA,NA
final_ES_change_analysis,country_merged,NA,NA,NA,NA,NA,NA,NA,NA,NA,NA,NA,NA,NA,NA,NA,NA,NA,NA
final_ES_change_analysis,country_merged,NA,NA,NA,NA,NA,NA,NA,NA,NA,NA,NA,NA,NA,NA,NA,NA,NA,NA
final_ES_change_analysis,country_merged,NA,NA,NA,NA,NA,NA,NA,NA,NA,NA,NA,NA,NA,NA,NA,NA,NA,NA
final_ES_change_analysis,country_merged,NA,NA,NA,NA,NA,NA,NA,NA,NA,NA,NA,NA,NA,NA,NA,NA,NA,NA
final_ES_change_analysis,country_merged,NA,NA,NA,NA,NA,NA,NA,NA,NA,NA,NA,NA,NA,NA,NA,NA,NA,NA
final_ES_change_analysis,country_merged,NA,NA,NA,NA,NA,NA,NA,NA,NA,NA,NA,NA,NA,NA,NA,NA,NA,NA
final_ES_change_analysis,country_merged,NA,NA,NA,NA,NA,NA,NA,NA,NA,NA,NA,NA,NA,NA,NA,NA,NA,NA
final_ES_change_analysis,country_merged,NA,NA,NA,NA,NA,NA,NA,NA,NA,NA,NA,NA,NA,NA,NA,NA,NA,NA
final_ES_change_analysis,country_merged,NA,NA,NA,NA,NA,NA,NA,NA,NA,NA,NA,NA,NA,NA,NA,NA,NA,NA
final_ES_change_analysis,country_merged,NA,NA,NA,NA,NA,NA,NA,NA,NA,NA,NA,NA,NA,NA,NA,NA,NA,NA
final_ES_change_analysis,country_merged,NA,NA,NA,NA,NA,NA,NA,NA,NA,NA,NA,NA,NA,NA,NA,NA,NA,NA
final_ES_change_analysis,country_merged,NA,NA,NA,NA,NA,NA,NA,NA,NA,NA,NA,NA,NA,NA,NA,NA,NA,NA
final_ES_change_analysis,country_merged,NA,NA,NA,NA,NA,NA,NA,NA,NA,NA,NA,NA,NA,NA,NA,NA,NA,NA
final_ES_change_analysis,country_merged,NA,NA,NA,NA,NA,NA,NA,NA,NA,NA,NA,NA,NA,NA,NA,NA,NA,NA
final_ES_change_analysis,country_merged,NA,NA,NA,NA,NA,NA,NA,NA,NA,NA,NA,NA,NA,NA,NA,NA,NA,NA
final_ES_change_analysis,country_merged,NA,NA,NA,NA,NA,NA,NA,NA,NA,NA,NA,NA,NA,NA,NA,NA,NA,NA
final_ES_change_analysis,country_merged,NA,NA,NA,NA,NA,NA,NA,NA,NA,NA,NA,NA,NA,NA,NA,NA,NA,NA
final_ES_change_analysis,country_merged,NA,NA,NA,NA,NA,NA,NA,NA,NA,NA,NA,NA,NA,NA,NA,NA,NA,NA
final_ES_change_analysis,country_merged,NA,NA,NA,NA,NA,NA,NA,NA,NA,NA,NA,NA,NA,NA,NA,NA,NA,NA
final_ES_change_analysis,country_merged,NA,NA,NA,NA,NA,NA,NA,NA,NA,NA,NA,NA,NA,NA,NA,NA,NA,NA
final_ES_change_analysis,country_merged,NA,NA,NA,NA,NA,NA,NA,NA,NA,NA,NA,NA,NA,NA,NA,NA,NA,NA
final_ES_change_analysis,country_merged,NA,NA,NA,NA,NA,NA,NA,NA,NA,NA,NA,NA,NA,NA,NA,NA,NA,NA
final_ES_change_analysis,country_merged,NA,NA,NA,NA,NA,NA,NA,NA,NA,NA,NA,NA,NA,NA,NA,NA,NA,NA
final_ES_change_analysis,country_merged,NA,NA,NA,NA,NA,NA,NA,NA,NA,NA,NA,NA,NA,NA,NA,NA,NA,NA
final_ES_change_analysis,country_merged,NA,NA,NA,NA,NA,NA,NA,NA,NA,NA,NA,NA,NA,NA,NA,NA,NA,NA
final_ES_change_analysis,country_merged,NA,NA,NA,NA,NA,NA,NA,NA,NA,NA,NA,NA,NA,NA,NA,NA,NA,NA
final_ES_change_analysis,country_merged,NA,NA,NA,NA,NA,NA,NA,NA,NA,NA,NA,NA,NA,NA,NA,NA,NA,NA
final_ES_change_analysis,country_merged,NA,NA,NA,NA,NA,NA,NA,NA,NA,NA,NA,NA,NA,NA,NA,NA,NA,NA
final_ES_change_analysis,country_merged,NA,NA,NA,NA,NA,NA,NA,NA,NA,NA,NA,NA,NA,NA,NA,NA,NA,NA
final_ES_change_analysis,country_merged,NA,NA,NA,NA,NA,NA,NA,NA,NA,NA,NA,NA,NA,NA,NA,NA,NA,NA
final_ES_change_analysis,country_merged,NA,NA,NA,NA,NA,NA,NA,NA,NA,NA,NA,NA,NA,NA,NA,NA,NA,NA
final_ES_change_analysis,country_merged,NA,NA,NA,NA,NA,NA,NA,NA,NA,NA,NA,NA,NA,NA,NA,NA,NA,NA
final_ES_change_analysis,country_merged,NA,NA,NA,NA,NA,NA,NA,NA,NA,NA,NA,NA,NA,NA,NA,NA,NA,NA
final_ES_change_analysis,country_merged,NA,NA,NA,NA,NA,NA,NA,NA,NA,NA,NA,NA,NA,NA,NA,NA,NA,NA
final_ES_change_analysis,country_merged,NA,NA,NA,NA,NA,NA,NA,NA,NA,NA,NA,NA,NA,NA,NA,NA,NA,NA
final_ES_change_analysis,country_merged,NA,NA,NA,NA,NA,NA,NA,NA,NA,NA,NA,NA,NA,NA,NA,NA,NA,NA
final_ES_change_analysis,country_merged,NA,NA,NA,NA,NA,NA,NA,NA,NA,NA,NA,NA,NA,NA,NA,NA,NA,NA
final_ES_change_analysis,country_merged,NA,NA,NA,NA,NA,NA,NA,NA,NA,NA,NA,NA,NA,NA,NA,NA,NA,NA
final_ES_change_analysis,country_merged,NA,NA,NA,NA,NA,NA,NA,NA,NA,NA,NA,NA,NA,NA,NA,NA,NA,NA
final_ES_change_analysis,country_merged,NA,NA,NA,NA,NA,NA,NA,NA,NA,NA,NA,NA,NA,NA,NA,NA,NA,NA
final_ES_change_analysis,country_merged,NA,NA,NA,NA,NA,NA,NA,NA,NA,NA,NA,NA,NA,NA,NA,NA,NA,NA
final_ES_change_analysis,country_merged,NA,NA,NA,NA,NA,NA,NA,NA,NA,NA,NA,NA,NA,NA,NA,NA,NA,NA
final_ES_change_analysis,country_merged,NA,NA,NA,NA,NA,NA,NA,NA,NA,NA,NA,NA,NA,NA,NA,NA,NA,NA
final_ES_change_analysis,country_merged,NA,NA,NA,NA,NA,NA,NA,NA,NA,NA,NA,NA,NA,NA,NA,NA,NA,NA
final_ES_change_analysis,country_merged,NA,NA,NA,NA,NA,NA,NA,NA,NA,NA,NA,NA,NA,NA,NA,NA,NA,NA
final_ES_change_analysis,country_merged,NA,NA,NA,NA,NA,NA,NA,NA,NA,NA,NA,NA,NA,NA,NA,NA,NA,NA
final_ES_change_analysis,country_merged,NA,NA,NA,NA,NA,NA,NA,NA,NA,NA,NA,NA,NA,NA,NA,NA,NA,NA
final_ES_change_analysis,country_merged,NA,NA,NA,NA,NA,NA,NA,NA,NA,NA,NA,NA,NA,NA,NA,NA,NA,NA
final_ES_change_analysis,country_merged,NA,NA,NA,NA,NA,NA,NA,NA,NA,NA,NA,NA,NA,NA,NA,NA,NA,NA
final_ES_change_analysis,country_merged,NA,NA,NA,NA,NA,NA,NA,NA,NA,NA,NA,NA,NA,NA,NA,NA,NA,NA
final_ES_change_analysis,country_merged,NA,NA,NA,NA,NA,NA,NA,NA,NA,NA,NA,NA,NA,NA,NA,NA,NA,NA
final_ES_change_analysis,country_merged,NA,NA,NA,NA,NA,NA,NA,NA,NA,NA,NA,NA,NA,NA,NA,NA,NA,NA
final_ES_change_analysis,country_merged,NA,NA,NA,NA,NA,NA,NA,NA,NA,NA,NA,NA,NA,NA,NA,NA,NA,NA
final_ES_change_analysis,country_merged,NA,NA,NA,NA,NA,NA,NA,NA,NA,NA,NA,NA,NA,NA,NA,NA,NA,NA
final_ES_change_analysis,country_merged,NA,NA,NA,NA,NA,NA,NA,NA,NA,NA,NA,NA,NA,NA,NA,NA,NA,NA
final_ES_change_analysis,country_merged,NA,NA,NA,NA,NA,NA,NA,NA,NA,NA,NA,NA,NA,NA,NA,NA,NA,NA
final_ES_change_analysis,country_merged,NA,NA,NA,NA,NA,NA,NA,NA,NA,NA,NA,NA,NA,NA,NA,NA,NA,NA
final_ES_change_analysis,country_merged,NA,NA,NA,NA,NA,NA,NA,NA,NA,NA,NA,NA,NA,NA,NA,NA,NA,NA
final_ES_change_analysis,country_merged,NA,NA,NA,NA,NA,NA,NA,NA,NA,NA,NA,NA,NA,NA,NA,NA,NA,NA
final_ES_change_analysis,country_merged,NA,NA,NA,NA,NA,NA,NA,NA,NA,NA,NA,NA,NA,NA,NA,NA,NA,NA
final_ES_change_analysis,country_merged,NA,NA,NA,NA,NA,NA,NA,NA,NA,NA,NA,NA,NA,NA,NA,NA,NA,NA
final_ES_change_analysis,country_merged,NA,NA,NA,NA,NA,NA,NA,NA,NA,NA,NA,NA,NA,NA,NA,NA,NA,NA
final_ES_change_analysis,country_merged,NA,NA,NA,NA,NA,NA,NA,NA,NA,NA,NA,NA,NA,NA,NA,NA,NA,NA
final_ES_change_analysis,country_merged,NA,NA,NA,NA,NA,NA,NA,NA,NA,NA,NA,NA,NA,NA,NA,NA,NA,NA
final_ES_change_analysis,country_merged,NA,NA,NA,NA,NA,NA,NA,NA,NA,NA,NA,NA,NA,NA,NA,NA,NA,NA
final_ES_change_analysis,country_merged,NA,NA,NA,NA,NA,NA,NA,NA,NA,NA,NA,NA,NA,NA,NA,NA,NA,NA
final_ES_change_analysis,country_merged,NA,NA,NA,NA,NA,NA,NA,NA,NA,NA,NA,NA,NA,NA,NA,NA,NA,NA
final_ES_change_analysis,country_merged,NA,NA,NA,NA,NA,NA,NA,NA,NA,NA,NA,NA,NA,NA,NA,NA,NA,NA
final_ES_change_analysis,country_merged,NA,NA,NA,NA,NA,NA,NA,NA,NA,NA,NA,NA,NA,NA,NA,NA,NA,NA
final_ES_change_analysis,country_merged,NA,NA,NA,NA,NA,NA,NA,NA,NA,NA,NA,NA,NA,NA,NA,NA,NA,NA
final_ES_change_analysis,country_merged,NA,NA,NA,NA,NA,NA,NA,NA,NA,NA,NA,NA,NA,NA,NA,NA,NA,NA
final_ES_change_analysis,country_merged,NA,NA,NA,NA,NA,NA,NA,NA,NA,NA,NA,NA,NA,NA,NA,NA,NA,NA
final_ES_change_analysis,country_merged,NA,NA,NA,NA,NA,NA,NA,NA,NA,NA,NA,NA,NA,NA,NA,NA,NA,NA
final_ES_change_analysis,country_merged,NA,NA,NA,NA,NA,NA,NA,NA,NA,NA,NA,NA,NA,NA,NA,NA,NA,NA
final_ES_change_analysis,country_merged,NA,NA,NA,NA,NA,NA,NA,NA,NA,NA,NA,NA,NA,NA,NA,NA,NA,NA
final_ES_change_analysis,country_merged,NA,NA,NA,NA,NA,NA,NA,NA,NA,NA,NA,NA,NA,NA,NA,NA,NA,NA
final_ES_change_analysis,country_merged,NA,NA,NA,NA,NA,NA,NA,NA,NA,NA,NA,NA,NA,NA,NA,NA,NA,NA
final_ES_change_analysis,country_merged,NA,NA,NA,NA,NA,NA,NA,NA,NA,NA,NA,NA,NA,NA,NA,NA,NA,NA
final_ES_change_analysis,country_merged,NA,NA,NA,NA,NA,NA,NA,NA,NA,NA,NA,NA,NA,NA,NA,NA,NA,NA
final_ES_change_analysis,country_merged,NA,NA,NA,NA,NA,NA,NA,NA,NA,NA,NA,NA,NA,NA,NA,NA,NA,NA
final_ES_change_analysis,country_merged,NA,NA,NA,NA,NA,NA,NA,NA,NA,NA,NA,NA,NA,NA,NA,NA,NA,NA
final_ES_change_analysis,country_merged,NA,NA,NA,NA,NA,NA,NA,NA,NA,NA,NA,NA,NA,NA,NA,NA,NA,NA
final_ES_change_analysis,country_merged,NA,NA,NA,NA,NA,NA,NA,NA,NA,NA,NA,NA,NA,NA,NA,NA,NA,NA
final_ES_change_analysis,country_merged,NA,NA,NA,NA,NA,NA,NA,NA,NA,NA,NA,NA,NA,NA,NA,NA,NA,NA
final_ES_change_analysis,country_merged,NA,NA,NA,NA,NA,NA,NA,NA,NA,NA,NA,NA,NA,NA,NA,NA,NA,NA
final_ES_change_analysis,country_merged,NA,NA,NA,NA,NA,NA,NA,NA,NA,NA,NA,NA,NA,NA,NA,NA,NA,NA
final_ES_change_analysis,country_merged,NA,NA,NA,NA,NA,NA,NA,NA,NA,NA,NA,NA,NA,NA,NA,NA,NA,NA
final_ES_change_analysis,country_merged,NA,NA,NA,NA,NA,NA,NA,NA,NA,NA,NA,NA,NA,NA,NA,NA,NA,NA
final_ES_change_analysis,country_merged,NA,NA,NA,NA,NA,NA,NA,NA,NA,NA,NA,NA,NA,NA,NA,NA,NA,NA
final_ES_change_analysis,country_merged,NA,NA,NA,NA,NA,NA,NA,NA,NA,NA,NA,NA,NA,NA,NA,NA,NA,NA
final_ES_change_analysis,country_merged,NA,NA,NA,NA,NA,NA,NA,NA,NA,NA,NA,NA,NA,NA,NA,NA,NA,NA
final_ES_change_analysis,country_merged,NA,NA,NA,NA,NA,NA,NA,NA,NA,NA,NA,NA,NA,NA,NA,NA,NA,NA
final_ES_change_analysis,country_merged,NA,NA,NA,NA,NA,NA,NA,NA,NA,NA,NA,NA,NA,NA,NA,NA,NA,NA
final_ES_change_analysis,country_merged,NA,NA,NA,NA,NA,NA,NA,NA,NA,NA,NA,NA,NA,NA,NA,NA,NA,NA
final_ES_change_analysis,country_merged,NA,NA,NA,NA,NA,NA,NA,NA,NA,NA,NA,NA,NA,NA,NA,NA,NA,NA
final_ES_change_analysis,country_merged,NA,NA,NA,NA,NA,NA,NA,NA,NA,NA,NA,NA,NA,NA,NA,NA,NA,NA
final_ES_change_analysis,country_merged,NA,NA,NA,NA,NA,NA,NA,NA,NA,NA,NA,NA,NA,NA,NA,NA,NA,NA
final_ES_change_analysis,country_merged,NA,NA,NA,NA,NA,NA,NA,NA,NA,NA,NA,NA,NA,NA,NA,NA,NA,NA
final_ES_change_analysis,country_merged,NA,NA,NA,NA,NA,NA,NA,NA,NA,NA,NA,NA,NA,NA,NA,NA,NA,NA
final_ES_change_analysis,country_merged,NA,NA,NA,NA,NA,NA,NA,NA,NA,NA,NA,NA,NA,NA,NA,NA,NA,NA
final_ES_change_analysis,country_merged,NA,NA,NA,NA,NA,NA,NA,NA,NA,NA,NA,NA,NA,NA,NA,NA,NA,NA
final_ES_change_analysis,country_merged,NA,NA,NA,NA,NA,NA,NA,NA,NA,NA,NA,NA,NA,NA,NA,NA,NA,NA
final_ES_change_analysis,country_merged,NA,NA,NA,NA,NA,NA,NA,NA,NA,NA,NA,NA,NA,NA,NA,NA,NA,NA
final_ES_change_analysis,country_merged,NA,NA,NA,NA,NA,NA,NA,NA,NA,NA,NA,NA,NA,NA,NA,NA,NA,NA
final_ES_change_analysis,country_merged,NA,NA,NA,NA,NA,NA,NA,NA,NA,NA,NA,NA,NA,NA,NA,NA,NA,NA
final_ES_change_analysis,country_merged,NA,NA,NA,NA,NA,NA,NA,NA,NA,NA,NA,NA,NA,NA,NA,NA,NA,NA
final_ES_change_analysis,country_merged,NA,NA,NA,NA,NA,NA,NA,NA,NA,NA,NA,NA,NA,NA,NA,NA,NA,NA
final_ES_change_analysis,country_merged,NA,NA,NA,NA,NA,NA,NA,NA,NA,NA,NA,NA,NA,NA,NA,NA,NA,NA
final_ES_change_analysis,country_merged,NA,NA,NA,NA,NA,NA,NA,NA,NA,NA,NA,NA,NA,NA,NA,NA,NA,NA
final_ES_change_analysis,country_merged,NA,NA,NA,NA,NA,NA,NA,NA,NA,NA,NA,NA,NA,NA,NA,NA,NA,NA
final_ES_change_analysis,country_merged,NA,NA,NA,NA,NA,NA,NA,NA,NA,NA,NA,NA,NA,NA,NA,NA,NA,NA
final_ES_change_analysis,country_merged,NA,NA,NA,NA,NA,NA,NA,NA,NA,NA,NA,NA,NA,NA,NA,NA,NA,NA
final_ES_change_analysis,country_merged,NA,NA,NA,NA,NA,NA,NA,NA,NA,NA,NA,NA,NA,NA,NA,NA,NA,NA
final_ES_change_analysis,country_merged,NA,NA,NA,NA,NA,NA,NA,NA,NA,NA,NA,NA,NA,NA,NA,NA,NA,NA
final_ES_change_analysis,country_merged,NA,NA,NA,NA,NA,NA,NA,NA,NA,NA,NA,NA,NA,NA,NA,NA,NA,NA
final_ES_change_analysis,country_merged,NA,NA,NA,NA,NA,NA,NA,NA,NA,NA,NA,NA,NA,NA,NA,NA,NA,NA
final_ES_change_analysis,country_merged,NA,NA,NA,NA,NA,NA,NA,NA,NA,NA,NA,NA,NA,NA,NA,NA,NA,NA
final_ES_change_analysis,country_merged,NA,NA,NA,NA,NA,NA,NA,NA,NA,NA,NA,NA,NA,NA,NA,NA,NA,NA
final_ES_change_analysis,country_merged,NA,NA,NA,NA,NA,NA,NA,NA,NA,NA,NA,NA,NA,NA,NA,NA,NA,NA
final_ES_change_analysis,country_merged,NA,NA,NA,NA,NA,NA,NA,NA,NA,NA,NA,NA,NA,NA,NA,NA,NA,NA
final_ES_change_analysis,country_merged,NA,NA,NA,NA,NA,NA,NA,NA,NA,NA,NA,NA,NA,NA,NA,NA,NA,NA
final_ES_change_analysis,country_merged,NA,NA,NA,NA,NA,NA,NA,NA,NA,NA,NA,NA,NA,NA,NA,NA,NA,NA
final_ES_change_analysis,country_merged,NA,NA,NA,NA,NA,NA,NA,NA,NA,NA,NA,NA,NA,NA,NA,NA,NA,NA
final_ES_change_analysis,country_merged,NA,NA,NA,NA,NA,NA,NA,NA,NA,NA,NA,NA,NA,NA,NA,NA,NA,NA
final_ES_change_analysis,country_merged,NA,NA,NA,NA,NA,NA,NA,NA,NA,NA,NA,NA,NA,NA,NA,NA,NA,NA
final_ES_change_analysis,country_merged,NA,NA,NA,NA,NA,NA,NA,NA,NA,NA,NA,NA,NA,NA,NA,NA,NA,NA
final_ES_change_analysis,country_merged,NA,NA,NA,NA,NA,NA,NA,NA,NA,NA,NA,NA,NA,NA,NA,NA,NA,NA
final_ES_change_analysis,country_merged,NA,NA,NA,NA,NA,NA,NA,NA,NA,NA,NA,NA,NA,NA,NA,NA,NA,NA
final_ES_change_analysis,country_merged,NA,NA,NA,NA,NA,NA,NA,NA,NA,NA,NA,NA,NA,NA,NA,NA,NA,NA
final_ES_change_analysis,country_merged,NA,NA,NA,NA,NA,NA,NA,NA,NA,NA,NA,NA,NA,NA,NA,NA,NA,NA
final_ES_change_analysis,country_merged,NA,NA,NA,NA,NA,NA,NA,NA,NA,NA,NA,NA,NA,NA,NA,NA,NA,NA
final_ES_change_analysis,country_merged,NA,NA,NA,NA,NA,NA,NA,NA,NA,NA,NA,NA,NA,NA,NA,NA,NA,NA
final_ES_change_analysis,country_merged,NA,NA,NA,NA,NA,NA,NA,NA,NA,NA,NA,NA,NA,NA,NA,NA,NA,NA
final_ES_change_analysis,country_merged,NA,NA,NA,NA,NA,NA,NA,NA,NA,NA,NA,NA,NA,NA,NA,NA,NA,NA
final_ES_change_analysis,country_merged,NA,NA,NA,NA,NA,NA,NA,NA,NA,NA,NA,NA,NA,NA,NA,NA,NA,NA
final_ES_change_analysis,country_merged,NA,NA,NA,NA,NA,NA,NA,NA,NA,NA,NA,NA,NA,NA,NA,NA,NA,NA
final_ES_change_analysis,country_merged,NA,NA,NA,NA,NA,NA,NA,NA,NA,NA,NA,NA,NA,NA,NA,NA,NA,NA
final_ES_change_analysis,country_merged,NA,NA,NA,NA,NA,NA,NA,NA,NA,NA,NA,NA,NA,NA,NA,NA,NA,NA
final_ES_change_analysis,country_merged,NA,NA,NA,NA,NA,NA,NA,NA,NA,NA,NA,NA,NA,NA,NA,NA,NA,NA
final_ES_change_analysis,country_merged,NA,NA,NA,NA,NA,NA,NA,NA,NA,NA,NA,NA,NA,NA,NA,NA,NA,NA
final_ES_change_analysis,country_merged,NA,NA,NA,NA,NA,NA,NA,NA,NA,NA,NA,NA,NA,NA,NA,NA,NA,NA
final_ES_change_analysis,country_merged,NA,NA,NA,NA,NA,NA,NA,NA,NA,NA,NA,NA,NA,NA,NA,NA,NA,NA
final_ES_change_analysis,country_merged,NA,NA,NA,NA,NA,NA,NA,NA,NA,NA,NA,NA,NA,NA,NA,NA,NA,NA
final_ES_change_analysis,country_merged,NA,NA,NA,NA,NA,NA,NA,NA,NA,NA,NA,NA,NA,NA,NA,NA,NA,NA
final_ES_change_analysis,country_merged,NA,NA,NA,NA,NA,NA,NA,NA,NA,NA,NA,NA,NA,NA,NA,NA,NA,NA
final_ES_change_analysis,country_merged,NA,NA,NA,NA,NA,NA,NA,NA,NA,NA,NA,NA,NA,NA,NA,NA,NA,NA
final_ES_change_analysis,country_merged,NA,NA,NA,NA,NA,NA,NA,NA,NA,NA,NA,NA,NA,NA,NA,NA,NA,NA
final_ES_change_analysis,country_merged,NA,NA,NA,NA,NA,NA,NA,NA,NA,NA,NA,NA,NA,NA,NA,NA,NA,NA
final_ES_change_analysis,country_merged,NA,NA,NA,NA,NA,NA,NA,NA,NA,NA,NA,NA,NA,NA,NA,NA,NA,NA
final_ES_change_analysis,country_merged,NA,NA,NA,NA,NA,NA,NA,NA,NA,NA,NA,NA,NA,NA,NA,NA,NA,NA
final_ES_change_analysis,country_merged,NA,NA,NA,NA,NA,NA,NA,NA,NA,NA,NA,NA,NA,NA,NA,NA,NA,NA
final_ES_change_analysis,country_merged,NA,NA,NA,NA,NA,NA,NA,NA,NA,NA,NA,NA,NA,NA,NA,NA,NA,NA
final_ES_change_analysis,country_merged,NA,NA,NA,NA,NA,NA,NA,NA,NA,NA,NA,NA,NA,NA,NA,NA,NA,NA
final_ES_change_analysis,country_merged,NA,NA,NA,NA,NA,NA,NA,NA,NA,NA,NA,NA,NA,NA,NA,NA,NA,NA
final_ES_change_analysis,country_merged,NA,NA,NA,NA,NA,NA,NA,NA,NA,NA,NA,NA,NA,NA,NA,NA,NA,NA
final_ES_change_analysis,country_merged,NA,NA,NA,NA,NA,NA,NA,NA,NA,NA,NA,NA,NA,NA,NA,NA,NA,NA
final_ES_change_analysis,country_merged,NA,NA,NA,NA,NA,NA,NA,NA,NA,NA,NA,NA,NA,NA,NA,NA,NA,NA
final_ES_change_analysis,country_merged,NA,NA,NA,NA,NA,NA,NA,NA,NA,NA,NA,NA,NA,NA,NA,NA,NA,NA
final_ES_change_analysis,country_merged,NA,NA,NA,NA,NA,NA,NA,NA,NA,NA,NA,NA,NA,NA,NA,NA,NA,NA
final_ES_change_analysis,country_merged,NA,NA,NA,NA,NA,NA,NA,NA,NA,NA,NA,NA,NA,NA,NA,NA,NA,NA
final_ES_change_analysis,country_merged,NA,NA,NA,NA,NA,NA,NA,NA,NA,NA,NA,NA,NA,NA,NA,NA,NA,NA
final_ES_change_analysis,country_merged,NA,NA,NA,NA,NA,NA,NA,NA,NA,NA,NA,NA,NA,NA,NA,NA,NA,NA
final_ES_change_analysis,country_merged,NA,NA,NA,NA,NA,NA,NA,NA,NA,NA,NA,NA,NA,NA,NA,NA,NA,NA
final_ES_change_analysis,country_merged,NA,NA,NA,NA,NA,NA,NA,NA,NA,NA,NA,NA,NA,NA,NA,NA,NA,NA
final_ES_change_analysis,country_merged,NA,NA,NA,NA,NA,NA,NA,NA,NA,NA,NA,NA,NA,NA,NA,NA,NA,NA
final_ES_change_analysis,country_merged,NA,NA,NA,NA,NA,NA,NA,NA,NA,NA,NA,NA,NA,NA,NA,NA,NA,NA
final_ES_change_analysis,country_merged,NA,NA,NA,NA,NA,NA,NA,NA,NA,NA,NA,NA,NA,NA,NA,NA,NA,NA
final_ES_change_analysis,country_merged,NA,NA,NA,NA,NA,NA,NA,NA,NA,NA,NA,NA,NA,NA,NA,NA,NA,NA
final_ES_change_analysis,country_merged,NA,NA,NA,NA,NA,NA,NA,NA,NA,NA,NA,NA,NA,NA,NA,NA,NA,NA
final_ES_change_analysis,country_merged,NA,NA,NA,NA,NA,NA,NA,NA,NA,NA,NA,NA,NA,NA,NA,NA,NA,NA
final_ES_change_analysis,country_merged,NA,NA,NA,NA,NA,NA,NA,NA,NA,NA,NA,NA,NA,NA,NA,NA,NA,NA
final_ES_change_analysis,country_merged,NA,NA,NA,NA,NA,NA,NA,NA,NA,NA,NA,NA,NA,NA,NA,NA,NA,NA
final_ES_change_analysis,income_grp_merged,NA,NA,NA,NA,NA,NA,NA,NA,NA,NA,NA,NA,NA,NA,NA,NA,NA,NA
final_ES_change_analysis,income_grp_merged,NA,NA,NA,NA,NA,NA,NA,NA,NA,NA,NA,NA,NA,NA,NA,NA,NA,NA
final_ES_change_analysis,income_grp_merged,NA,NA,NA,NA,NA,NA,NA,NA,NA,NA,NA,NA,NA,NA,NA,NA,NA,NA
final_ES_change_analysis,income_grp_merged,NA,NA,NA,NA,NA,NA,NA,NA,NA,NA,NA,NA,NA,NA,NA,NA,NA,NA
final_ES_change_analysis,income_grp_merged,NA,NA,NA,NA,NA,NA,NA,NA,NA,NA,NA,NA,NA,NA,NA,NA,NA,NA
final_ES_change_analysis,region_wb_merged,NA,NA,NA,NA,NA,NA,NA,NA,NA,NA,NA,NA,NA,NA,NA,NA,NA,NA
final_ES_change_analysis,region_wb_merged,NA,NA,NA,NA,NA,NA,NA,NA,NA,NA,NA,NA,NA,NA,NA,NA,NA,NA
final_ES_change_analysis,region_wb_merged,NA,NA,NA,NA,NA,NA,NA,NA,NA,NA,NA,NA,NA,NA,NA,NA,NA,NA
final_ES_change_analysis,region_wb_merged,NA,NA,NA,NA,NA,NA,NA,NA,NA,NA,NA,NA,NA,NA,NA,NA,NA,NA
final_ES_change_analysis,region_wb_merged,NA,NA,NA,NA,NA,NA,NA,NA,NA,NA,NA,NA,NA,NA,NA,NA,NA,NA
final_ES_change_analysis,region_wb_merged,NA,NA,NA,NA,NA,NA,NA,NA,NA,NA,NA,NA,NA,NA,NA,NA,NA,NA
final_ES_change_analysis,region_wb_merged,NA,NA,NA,NA,NA,NA,NA,NA,NA,NA,NA,NA,NA,NA,NA,NA,NA,NA
income_grp_merged,1. High income: OECD,0.0222695249975538,-0.0012820742089785,0.1270684834311057,0.0193487985506967,-3.59492820783e-4,-4218.75713740904,2.394821247081436,0.0832795348490697,13.896671417930069,0.6736195304273199,0.0784610717289111,213136.0628205656,326754612,303143992,332789649,49695605,309675973,7787770
income_grp_merged,2. High income: nonOECD,0.0231747131108873,-0.0024261824639367,1.322094217562869,0.1335081128399681,-0.0014733666776616,-631.1167557493463,0.8061435483263577,0.1386211913510718,65.03871296590594,1.2400803403502336,0.0810732191644927,100317.17083098096,26031312,4616478,4094035,565531,3141973,1117127
income_grp_merged,3. Upper middle income,0.062773167105219893,-7.801429649472e-4,0.0074154596251971,0.0182437472284476,-4.598605468475e-4,-2696.7431737208262,2.814371315056777,0.0981636669070278,23.413248733754745,0.438717889426692,0.0790354014184197,201544.61165593556,615221404,515666542,560050214,104681859,525624905,13918124
income_grp_merged,4. Lower middle income,0.0243462102457157,-5.845561405463e-4,0.1767108675263338,0.0087100756267083,-2.123096072534e-4,-2345.652086166805,1.8842536989003047,0.1018947684621027,48.28320228266296,0.1881268711198745,0.0647461690689122,252781.5510758157,215443572,162435799,181820521,42475338,172111927,3373364
income_grp_merged,5. Low income,0.0186889362447952,6.823226319887e-4,0.1445939943721238,0.0016563902197594,-2.752322810534e-4,-1891.3401783363668,0.746936809243115,0.0888554293571611,33.47850012047974,0.0671800243080632,0.0361121926619497,110140.6890486496,175524744,137881895,145182655,23405002,138162178,2533527
region_wb_merged,East Asia & Pacific,0.1105748755756674,-0.0019350054748381,0.4057227444537404,0.0329943721020547,-2.536287235174e-4,-4478.556901312458,4.158111107492926,0.118809715760337,46.8934884205862,0.63730660479052,0.0878465572080724,290557.629541513,275260468,237778720,259597613,45618098,245149817,5023856
region_wb_merged,Europe & Central Asia,0.0039058635820082,0.0011636953247788,0.0422889233635164,0.0117179717623733,9.084312861901196e-5,-555.590790881809,2.3093650772192684,0.0913682826138737,11.84745097602461,0.32178664173928,0.0701571357668369,140109.70522427038,258948864,237302744,264688058,63555058,248310522,7302545
region_wb_merged,Latin America & Caribbean,0.0417335286515111,-0.0024482897304633,-0.0878541945231237,0.0049038560541052,-0.0012700598931617,-2319.6354178372562,1.2067929194850329,0.0769713203962727,26.18933410199799,0.2865135367381352,0.0400909839980173,199356.3508521121,213388570,200164882,216816876,36076173,206069268,4912056
region_wb_merged,Middle East & North Africa,0.0710463477006949,-2.860830632315e-4,0.0044696867062341,0.0982397743836437,-1.368626087113e-4,-1836.682981260173,1.873550792552564,0.1637386965549474,12.678392829682624,0.7469612823511962,0.0357364052737559,157927.5361092342,119685139,25232312,30388763,4637740,25429546,1975205
region_wb_merged,North America,0.0196684007405032,-0.0019495844139677,0.0651091332903963,0.012469876251811,-6.482756784457e-4,-5487.854347524532,1.480892036917162,0.0723012019963527,10.272504684039188,0.7603797927283801,0.0832377632419251,176877.15626380633,189587275,175996531,190850014,24460560,174842621,4700284
region_wb_merged,South Asia,-0.005208315507887,3.924788614233642e-5,-0.3825150654423667,0.0041029439840195,9.601194095962e-4,-5119.30798302327,2.240618607396641,0.106188680672757,40.75713435787798,0.1260981821804643,0.0345102542834513,344719.6700610349,54930836,49839648,50635088,14075104,47858842,929272
region_wb_merged,Sub-Saharan Africa,0.0110253943598678,0.0011111759797855,0.0678421126683798,0.0034074820199328,-2.985281467e-4,-3002.4725973108903,0.502420563678384,0.079603773827749,22.76210279767257,0.0584920418157,0.0824171712931296,166050.0008119158,247174492,197429869,210960662,32400602,201056340,3885896
