nev_name,avg_n_export_diff_1992_2020_ha,stdev_n_export_diff_1992_2020_ha,valid_count_n_export_diff_1992_2020_ha,count_n_export_diff_1992_2020_ha,p5_n_export_diff_1992_2020_ha,p95_n_export_diff_1992_2020_ha,avg_n_retention_ratio_diff_1992_2020,stdev_n_retention_ratio_diff_1992_2020,valid_count_n_retention_ratio_diff_1992_2020,count_n_retention_ratio_diff_1992_2020,p5_n_retention_ratio_diff_1992_2020,p95_n_retention_ratio_diff_1992_2020,avg_sediment_export_diff_1992_2020_ha,stdev_sediment_export_diff_1992_2020_ha,valid_count_sediment_export_diff_1992_2020_ha,count_sediment_export_diff_1992_2020_ha,p5_sediment_export_diff_1992_2020_ha,p95_sediment_export_diff_1992_2020_ha,avg_realized_polllination_on_ag_1992_2020_diff_ha,stdev_realized_polllination_on_ag_1992_2020_diff_ha,valid_count_realized_polllination_on_ag_1992_2020_diff_ha,count_realized_polllination_on_ag_1992_2020_diff_ha,p5_realized_polllination_on_ag_1992_2020_diff_ha,p95_realized_polllination_on_ag_1992_2020_diff_ha,avg_sediment_retention_ratio_diff_1992_2020,stdev_sediment_retention_ratio_diff_1992_2020,valid_count_sediment_retention_ratio_diff_1992_2020,count_sediment_retention_ratio_diff_1992_2020,p5_sediment_retention_ratio_diff_1992_2020,p95_sediment_retention_ratio_diff_1992_2020,avg_nature_access_diff_1992_2020,stdev_nature_access_diff_1992_2020,valid_count_nature_access_diff_1992_2020,count_nature_access_diff_1992_2020,p5_nature_access_diff_1992_2020,p95_nature_access_diff_1992_2020
Afghanistan,0.0259573882644996,0.3537676981144343,7734225,8131998,-0.0001212921124533,0.0815153792500495,-0.0016481494473345,0.1361958567592406,6279749,8131998,-0.0522676467895507,0.0123674750328063,-0.0873779351596344,13.389812626095242,5443060,8131906,-0.1066842980682849,0.1784380674362182,0.0627909681322936,0.2733274478077519,9726,8131652,-0.0438632033765316,0.5622396469116211,0.0004805783489557,0.0094214241709466,5059034,8131906,-0.0057477414608001,0.0078205078840255,-8408.345267470553,222418.70181654373,21479,21481,0.0,0.0
Albania,-0.3326730582502943,2.1846244170817646,341406,400745,-1.1814619302749634,0.0,0.0098175451473173,0.094122822396297,301352,400745,-0.030862620472908,0.1270303934812545,-8.103195354288527,78.01791612484304,367737,400732,-45.59435577392578,0.2335890918970113,-0.0003137119345074,0.0272414852417985,175060,400683,-0.0256741293705999,0.0363238563761114,0.009560517083486,0.0294268764752274,352056,400732,-0.0049169063568115,0.0540459156036376,7402.555498458376,68603.56395983431,3892,3975,0.0,895.0826416015576
Algeria,0.0978717977607862,2.01729652108132,25916240,27563946,0.0,0.0,-0.0022810601584042,0.1729294175817469,3187423,27563946,-0.2185718536376953,0.1732318758964531,-0.1951079411343727,5.112983769588022,4115067,27564091,-0.2792755216360091,0.1935313478112216,0.1121367137305497,1.2776695646003748,576663,27563807,-0.0999814458191394,0.7381167113780978,0.0004728724136052,0.0288401507066821,3949356,27564091,-0.0084145814180374,0.012105643749237,-0.0630729999438287,51.130210756051206,382758,382758,0.0,0.0
American Samoa,,,0,2598,,,,,0,2598,,,,,0,2597,,,,,0,2601,,,,,0,2597,,,0.0,0.0,16,17,0.0,0.0
Andorra,0.0821701608203062,0.3987445482104858,6203,6403,0.0,0.6078453481197352,-0.0012639798911026,0.0306275539324782,6127,6403,-0.0166753053665161,0.0161689698696136,2.674186999843088,49.35726394290186,6373,6401,-0.0827010303735732,10.529510498046877,,,0,6403,,,-0.0053938273988081,0.0168045319230761,6270,6401,-0.0425568014383316,0.0033086538314819,0.0,0.0,5,5,0.0,0.0
Angola,0.004086194475775,0.2495673859087916,12806077,13463105,-0.2350611418485641,0.2501019418239589,-0.0007658600441888,0.0391520680173044,12028556,13463105,-0.0463396310806274,0.0369584709405899,0.2603432350111186,10.549725117383012,13245735,13463037,-0.0210653968155383,0.095837740600109,8.422005804422302e-05,0.0010917747272843,620882,13462835,-0.0007725168252363,0.0009444527095183,-0.0008489109075951,0.0133674185706725,12739709,13463037,-0.0142266154289245,0.010455048084259,-2378.6106307686696,162457.75626009746,274110,274945,0.0,0.0
Anguilla,,,0,1202,,,,,0,1202,,,,,0,1202,,,,,0,1198,,,,,0,1202,,,,,0,12,,
Antarctica,,,0,0,,,,,0,0,,,,,0,0,,,,,0,784946714,,,,,0,0,,,,,0,2896434,,
Antigua and Barbuda,,,0,5505,,,,,0,5505,,,,,0,5508,,,,,0,5497,,,,,0,5508,,,0.0,0.0,63,69,0.0,0.0
Argentina,0.0485654573874938,0.4445655154928787,33682600,36073892,-0.0067387550603598,0.2752320170402527,-0.0028307069600559,0.0762796355074066,31537390,36073892,-0.0371954768896102,0.0123676061630249,0.0065311758669805,15.258046192842206,34022879,36073832,-0.0332895368337631,0.1062035858631134,0.0008692045705029,0.3922457631477249,5982725,36073422,-0.0600671291351318,0.0659796357154846,-0.0016083487333912,0.0211778727949867,32000015,36073832,-0.0141932964324951,0.0037175595760343,-814.6183099897969,133805.01977506795,689984,693352,0.0,0.0
Armenia,0.0406083648673637,0.6316404018717388,392747,407551,-0.2002668857574463,0.671785128116608,-0.0031221543746951,0.0699059609441667,371098,407551,-0.0793075948953628,0.0439202040433882,0.0138802957516381,14.518423909788345,391139,407527,-2.608177661895752,2.8034803867340057,0.0100723688806478,0.1138473455059894,193136,407481,-0.0414516143500804,0.066015301272273,-0.0001607570865504,0.0231513744089191,378642,407527,-0.0331900209188461,0.0262971729040146,-1776.9126266280753,65219.19693640366,5528,5528,0.0,0.0
Aruba,,,0,2158,,,,,0,2158,,,,,0,2158,,,,,0,2152,,,,,0,2158,,,-24534.441964285717,46979.88025057364,14,18,-114494.0625,0.0
Australia,0.0239733784959775,0.5748343330139346,83851010,90344628,-0.2024978317320346,0.2123743228614329,0.0014340830514584,0.0777095437831219,77725673,90344628,-0.033560037612915,0.0419056415557861,0.0042676111872933,1.6432428479867858,87246233,90344656,-0.0351687937974929,0.0146364955231546,0.0024813267870439,0.2017597748564929,4781080,90344679,-0.0012594525469467,0.0028965377365238,0.0005893397784291,0.014811245763455,82800786,90344656,-0.0092461109161376,0.0133503079414367,-713.5565732208303,54636.76558852165,1909163,1925647,0.0,0.0
Austria,0.2172738463200126,6.201536164908084,1245276,1300983,-0.0235330648720264,1.2013686001300812,-0.0076591222259103,0.118677771732184,1201295,1300983,-0.0950371503829956,0.0295965015888214,1.1292438041639734,20.566624577457336,1291795,1300963,-0.1764155849814414,3.710554361343384,0.0293926254470561,0.4972889828392119,241860,1300921,-0.1452101618051529,0.2121272832155227,-0.0060395570968155,0.0202154275386023,1231843,1300963,-0.0435611367225646,0.0087290346622466,-4212.666789736017,213834.09156646545,16251,16253,0.0,0.0
Azerbaijan,0.0059752232066379,0.4242181004778091,1065321,1190084,-0.2165489792823791,0.1256205141544342,0.003968773527112,0.0831505014192264,1011217,1190084,-0.0253751754760742,0.0452667832374572,0.0626758721073429,12.542352659143408,1116534,1190068,-1.29142963886261,0.4682621330022745,0.0005372861791815,0.0460764923726025,441010,1190000,-0.03086231444031,0.0333718761801719,0.0011356604196525,0.0162711866772274,1058088,1190068,-0.0118638396263122,0.0163732945919036,-4338.929740333489,114301.7890951186,19371,19609,0.0,0.0
Bahrain,,,0,8592,,,,,0,8592,,,,,0,8591,,,0.2302067798116932,0.1651474728327168,23,8597,0.0875903911888599,0.500556257367134,,,0,8591,,,0.0,0.0,105,135,0.0,0.0
Bangladesh,0.0409407056444818,3.9238781012815793,1246288,1617243,-0.4179536849260325,0.9236126482486692,-0.0013945962723484,0.0928587882215572,1098886,1617243,-0.026788592338562,0.0194382667541503,-0.0260167204192332,1.860060636382838,1292884,1617221,-0.0760503225028514,0.0252061882056291,0.0097771019187614,0.1015299412112647,463779,1617233,-0.0983865976333618,0.1752392888069152,0.0001835961064525,0.0069975910939428,1157943,1617221,-0.0018608570098876,0.0041078805923461,200.66427315794175,375352.5614328256,33563,34221,0.0,0.0
Barbados,,,0,5026,,,,,0,5026,,,,,0,5028,,,,,0,5025,,,,,0,5028,,,-13014.400297619048,58202.16757653979,21,27,0.0,0.0
Belarus,0.0319507118744144,2.187797398278633,3465973,3638322,-1.4440220594406128,1.177562689781185,-0.0024940530385997,0.1093314453085818,3307716,3638322,-0.0866812691092491,0.0872476398944854,-0.0030985927424405,0.0862791467633082,3628508,3638267,-0.0321277067065238,0.0144811617210507,0.0067810834944516,0.3277577291100989,1885260,3638184,-0.3653678312897682,0.6367467820644322,0.0010782952472016,0.0159132836186263,3413132,3638267,-0.0132757902145385,0.020998477935791,4911.388282754195,133089.8472273071,32721,32721,0.0,3565.444580078125
Belgium,-0.9955750612738632,7.873512459817826,473693,507102,-7.622712326049798,0.6706149458885192,-0.0060093982453149,0.157676402109263,446713,507102,-0.1232643961906433,0.1204409718513483,-0.0066649543845675,0.8315883935100007,497058,507073,-0.0687921941280365,0.0314061529934406,0.0569917443093289,0.4178355980003554,227840,507054,-0.0024305606726557,0.3372971549630158,0.0003740184531547,0.0110986416865967,470859,507073,-0.0129744470119476,0.0119093775749206,-4931.501246882793,152393.0376582447,1203,1203,0.0,0.0
Belize,0.1459258773886645,1.126773134364986,209008,246858,0.0,0.1960498236119744,-0.0159953074661057,0.0887158562524866,195627,246858,-0.1449380636215209,0.0131633281707763,0.1926949264909128,2.652042646255861,217065,246851,-4.456372771528546e-05,0.4031831622123714,0.0003864650755248,0.0398737772496424,30987,246866,-0.0591761134564876,0.0751397617161273,-0.0033112181925989,0.0233124095693084,203981,246851,-0.0180497169494628,0.0002244114875793,260.8933390198511,2532.290676356833,403,523,0.0,0.0
Benin,-0.0463407084035434,0.9552812625844108,1185726,1233474,-1.24026957154274,1.3042740523815155,0.0138936821747218,0.0632875507743721,1147710,1233474,-0.0769159406423568,0.1126423269510269,-0.0318585242237832,2.0048654135692865,1224819,1233483,-0.6301640629768371,0.582846289873123,0.001816137383307,0.017530757775973,400008,1233392,-0.0150842452421784,0.0247944782488047,0.003162434526542,0.0901975582770975,1185583,1233483,-0.0166849851608276,0.0270136356353759,-4460.780414538901,162782.11119587015,6658,6740,0.0,0.0
Bermuda,,,0,949,,,,,0,949,,,,,0,946,,,,,0,949,,,,,0,946,,,,,0,19,,
Bhutan,-0.0280238616018159,0.6806063554609779,444174,458375,-0.0079497922211885,0.0,0.0005333600237466,0.0218411684785853,430623,458375,-0.0022230148315429,0.001241910457611,-4.81466231014405,93.3939196748764,449288,458370,-5.446421480178829,0.018505838792771,0.0002872499998711,0.0544054767160973,16812,458316,-0.0055978880263864,0.0054810421075671,0.0031349080974774,0.014707476799358,432101,458370,-0.0019111633300781,0.0274436473846435,-16.603090285055544,930.3383946771864,4771,4771,0.0,0.0
Bolivia,0.0163030475243233,0.1719334715407361,11255226,11927331,-0.000842365247081,0.1305865384638309,-0.0034853161417192,0.0839860594910592,10509974,11927331,-0.0393957495689392,0.0154612064361572,-0.1747687752446422,29.66558892834417,11581913,11927288,-0.2976394712924958,0.3882177352905281,-0.0073407622390997,0.0571404341811772,620376,11927061,-0.0624116845428943,0.0390157578513026,-0.0024978961524692,0.014107189914324,10867626,11927288,-0.0213823914527893,0.0073086023330688,-3200.7826719581813,75478.66870762709,259787,259787,0.0,0.0
"Bonaire, Sint Eustatius and Saba",,,0,3494,,,,,0,3494,,,,,0,3493,,,,,0,3498,,,,,0,3493,,,-1068.231919642857,4339.178657649279,35,49,-5608.217578124997,0.0
Bosnia and Herzegovina,0.3758471884134958,1.9636260092331816,662633,744940,-0.0229889653623104,3.275509834289551,-0.0107890230238947,0.0974818428197484,605291,744940,-0.1680777072906494,0.0677991807460784,0.8043228257302497,32.3379240815763,703903,744906,-0.4808800667524339,4.444651222229009,0.0188690249157557,0.1413669234263876,215890,744861,-0.1438228316605091,0.3369673073291776,-0.0071778136430045,0.3106436100545454,657259,744906,-0.0615962266921997,0.0107134699821471,-373.653960312076,35646.298641353824,2948,2952,0.0,0.0
Botswana,-0.0259110426310164,0.1049724604481885,5890195,6564619,-0.2460834950208663,0.0,0.004516990398316,0.0362282511682067,5568945,6564619,0.0,0.0473839044570922,-0.0015133971889499,0.2014111356826617,6505296,6564545,-0.003119540750049,0.0003398945264052,-4.172568139077328e-06,0.0006592786380131,150603,6564399,-1.4394054687727469e-05,2.442330060148352e-05,0.0004787856401097,0.0040312412991969,5969067,6564545,-0.0007610917091369,0.005236268043518,-2492.906183870209,35464.91194041801,12759,12759,0.0,0.0
Brazil,0.0327037786714297,0.9787221499086292,87014234,92076870,-0.012541668722406,0.4252820238471022,-0.0030870803637637,0.0725592724572011,83461870,92076870,-0.0525766015052795,0.0392653942108154,-0.0484274914171182,10.702281004221678,90366502,92076766,-0.1199946768581867,0.484448726475239,0.0012257186695305,0.0704396590913551,18985069,92076525,-0.0153848288580775,0.0171155918389558,-0.0016197667439003,0.0362493888165761,86339650,92076766,-0.02030471265316,0.0069841742515563,-815.3794147335534,189961.54696386855,2102222,2115016,0.0,0.0
British Indian Ocean Territory,,,0,1014,,,,,0,1014,,,,,0,1016,,,,,0,1014,,,,,0,1016,,,0.0,0.0,1,22,0.0,0.0
British Virgin Islands,,,0,2172,,,,,0,2172,,,,,0,2178,,,,,0,2178,,,,,0,2178,,,-1673.0926513671875,6479.859950642538,16,31,-6692.37060546875,0.0
Brunei,-0.0158874153414473,0.390689596089378,50933,61602,0.0,0.0,-0.0033217835199265,0.0798033397229984,42000,61602,-0.0185482114553451,0.0025842547416686,-0.1035711119275843,3.998776950638952,52606,61605,-0.1735866479575634,0.0012697225902229,0.0010060175731711,0.0081260266646368,7799,61609,-0.0111441980116069,0.0172966621816158,0.0007467728264247,0.0102936316641972,50600,61605,-0.0013776510953903,0.0131120175123214,1925.4476785714285,50539.75621576095,700,732,0.0,0.0
Bulgaria,-0.1137019796269767,1.8123800278049975,1517546,1591221,-0.283412218093872,1.0964975444949232e-05,0.0020786786064511,0.0917651353643649,1464615,1591221,-0.0166643440723419,0.0721784949302674,-0.1951814120158779,6.838276545781893,1567709,1591188,-1.07737135887146,0.0209875132888555,0.0003766321914374,0.0491978221527132,665373,1591150,-0.0489674046635627,0.0495464839041233,0.003182794468936,0.0170858784333627,1503915,1591188,-0.0052678525447845,0.0282486081123352,1255.7244077374485,23183.02240388801,13803,14031,0.0,0.0
Burkina Faso,0.0308123755468204,0.2938033361918613,2843941,2939865,-0.1617922186851501,0.4379242956638336,-0.0014222468276772,0.047952739834584,2751784,2939865,-0.0494258731603622,0.0477405101060867,0.1234262800296287,1.5344384764678494,2928233,2939791,-0.0370247356593608,0.7048769950866695,0.0008914556173939,0.0052607111253741,1097768,2939646,-0.0022436926839873,0.0079001942649483,-0.0019645254889501,0.0121533847857209,2817005,2939791,-0.0242626667022705,0.0079375147819518,-1710.1711949042583,60816.94598683114,50866,50866,-221.5861701965332,0.0
Burundi,-0.0143121251645956,0.5554851413991521,271119,284099,-0.9269550085067748,0.6260957419872284,-0.000649845907829,0.0600993857903101,240200,284099,-0.0956020891666412,0.0989509552717208,2.642924174529642,78.47648567375191,264001,284080,-11.75677490234375,14.95803928375244,0.0010072629781968,0.0511992661888953,151253,284040,-0.0430222585797309,0.0627231106162071,-0.0017126769868827,0.029767574578198,253125,284080,-0.0519455790519714,0.0404226779937744,-2846.904931210388,297260.39098075626,6469,6493,0.0,0.0
Cabo Verde,,,0,47570,,,,,0,47570,,,,,0,47558,,,,,0,47550,,,,,0,47558,,,88.37627472864146,1666.9888125994385,357,481,0.0,0.0
Cambodia,0.0953784640035711,0.6637490465643782,1814555,1961256,0.0,0.5300071775913227,-0.0085528586528492,0.0569592028270822,1697620,1961256,-0.064210420846939,0.0145960628986357,1.1169642468792136,16.726934838636073,1885262,1961243,-0.0023014829144813,2.4341698169708224,0.0004591321508832,0.0097678703902144,399734,1961188,-0.0054125152993947,0.0092262207064777,-0.0066106192574487,0.063976530793184,1781547,1961243,-0.0374971032142639,0.0007889688014984,-3667.389104773077,45519.04621150019,40917,41291,-7045.528027343742,0.0
Cameroon,0.0092653595720495,0.2230069956486194,4688066,4936748,0.0,0.0,-9.438170527963054e-05,0.0293780586799764,4494361,4936748,-0.0033754110336303,0.0062447786331176,0.5496006354235723,33.92745581853845,4876747,4936728,-0.0057822849601507,0.0388243198394777,0.0024404685648717,0.0473745085624089,454077,4936426,-0.0422551743686199,0.0614156424999237,-0.0007068779372628,0.0098995709718935,4672957,4936728,-0.0059658288955688,0.0017067790031433,-452.97126251210847,45930.44325391424,123880,123880,0.0,0.0
Canada,0.0140694154384413,0.9720424787083858,87484285,104272977,-4.753210021135561e-07,4.641238774638623e-06,-0.0019629138129363,0.0794862758739361,80275191,104272977,-0.0086399614810943,0.0086852610111236,0.0386169289269513,12.21534405189047,87218251,104272840,-0.0012073706602677,0.001838736294303,0.0059291996244588,0.3343738315831985,5671016,221187839,-0.0044765168568119,0.0088656630832701,-0.0003414818831536,0.1143404553115357,76232597,104272840,-0.0055638551712036,0.0031714439392089,-409.7082100447047,55494.66712041064,2556332,2629984,0.0,0.0
Cayman Islands,,,0,3618,,,,,0,3618,,,,,0,3622,,,,,0,3628,,,,,0,3622,,,0.0,0.0,30,45,0.0,0.0
Central African Republic,-0.0079859326917751,0.0894833581319905,6354996,6574603,0.0,0.0,0.0011235073371754,0.0149548772056199,6160166,6574603,0.0,0.0002187341451644,0.0127198133020838,1.1857518381971095,6570775,6574517,-0.0002525337564293,0.0005031637789215,6.0448582403580496e-05,0.0028087801795108,89804,6574329,-0.001581243937835,0.0011891366448253,5.068323341593403e-05,0.0039966916437276,6344617,6574517,-0.0007957220077514,0.0005117654800415,-68.29517248887169,5053.33147991891,82672,82672,0.0,0.0
Chad,0.0098259852049101,0.2529643038859915,12943551,13884561,-0.030831734649837,0.0065583151299506,0.0023874950962822,0.1071301552120179,6330656,13884561,-0.0369444638490676,0.0429962873458862,0.0131534195636647,1.424059763111705,6542951,13884357,-0.0089515936560928,0.0982023701071739,0.0005883843712462,0.004484975411944,1381752,13884485,-0.0007252681767567,0.0042278474662452,-0.0017242822592743,0.0092338387548794,6072649,13884357,-0.0174327254295349,0.0060692429542541,-231.49861987381703,4269.503473109922,45648,45648,0.0,0.0
Chile,0.0069992275119049,2.517510800702649,7757927,10517716,-0.0021681115264072,0.0787938140332693,0.002630292455322,0.1438756366297634,5949631,10517716,-0.0307060480117797,0.0346052348613739,-0.6766049356516655,28.799701662514725,5301225,10517763,-0.8302596807479858,0.2256535172462459,0.0387772287862996,0.4272147982905743,485989,10517756,-0.166481614112854,0.4542982459068275,0.0004931265636916,0.0344110555462735,4915651,10517763,-0.0098278820514678,0.0136743783950805,-4114.643543559013,178519.08154227937,174717,182573,0.0,0.0
China,0.1427461888221952,5.949991708088721,113770407,123451758,-0.0834530867636203,0.7017382502555805,-0.003338877546555,0.1460167958706412,95795002,123451758,-0.0791518092155456,0.051842987537384,0.0755890515292294,39.09256192566808,97149056,123451344,-0.887866199016571,0.4284315183758735,0.0516821089924543,0.7696296427105163,24285094,123450420,-0.2851097092032432,0.6409044712781846,-2.097800073805987e-05,0.0827638290087051,90558287,123451344,-0.0151289105415344,0.0165017843246459,-8910.094826244214,344036.46829129715,1862902,1868141,0.0,0.0
Colombia,0.0145507919048527,1.3284358960475078,11310134,12041937,0.0,0.0002540819245041,-0.0019280992266154,0.0692341357711121,10691868,12041937,-0.007243275642395,0.0034589946269989,0.485449164383527,69.90591462939622,11873270,12041883,-0.054624187387526,0.1280552379786961,-0.0067827549951378,0.1599473984909002,1283886,12041499,-0.0256703812628984,0.0231609004549682,-0.0005197297817637,0.0116290868676757,11226242,12041883,-0.0082955956459045,0.003958523273468,-1412.3548930031257,113027.43316208826,282812,284413,0.0,0.0
Comoros,,,0,19650,,,,,0,19650,,,,,0,19642,,,,,0,19635,,,,,0,19642,,,40.15723552178899,3553.489937495925,109,140,0.0,0.0
Cook Islands,,,0,3972,,,,,0,3972,,,,,0,3975,,,,,0,3971,,,,,0,3975,,,0.0,0.0,5,38,0.0,0.0
Costa Rica,-0.4373722952658552,3.536084266693868,479622,551607,-0.5147049486637114,4.077162714111181e-07,0.0140151995519167,0.1288509851892411,420081,551607,-0.0526383519172668,0.2419813871383667,-0.7780505246470593,69.67958724372973,493284,551580,-5.6355222225189205,0.4952350839972492,0.0496235758554959,0.4138752400150971,178040,551506,-0.3798286616802215,0.6861641794443083,0.0033371979706013,0.0216652299981983,477188,551580,-0.0100641220808029,0.0274856895208358,-9044.511417147934,246326.32156272663,11255,11667,0.0,600.9315734863261
Croatia,0.7042898875077385,4.881130436932661,613820,850857,-0.099779225885868,7.454468226432797,-0.0069469639265738,0.1402804436663847,533516,850857,-0.155869111418724,0.0720646530389785,-0.0755359127398019,14.217003083738474,695105,850824,-0.1876691013574599,0.9924539685249284,0.0138662731691622,0.1928138846932242,310913,850850,-0.2051303207874298,0.3411695718765255,-0.0045794385648502,0.0659975041027952,605763,850824,-0.0416482269763946,0.0097078621387481,-6482.514985274585,57970.38714989717,17317,17697,0.0,0.0
Cuba,0.0495540684935281,0.7393488668428899,979859,1274617,-0.001816702610813,0.0567919615656135,-0.0012148910306781,0.0528935940262921,852084,1274617,-0.0130579829216003,0.0019528806209564,0.0138134447313213,8.866855113804794,994934,1274596,-0.0571955727413296,0.065300229564309,0.0120101361557693,0.107957737046533,557024,1274568,-0.0228231776505708,0.1012773670256135,-0.0001886809396534,0.0485186212111726,956882,1274596,-0.0044331520795822,0.0045603513717651,-397.071420439452,64284.94950329234,26351,27882,0.0,0.0
CuraÃ§ao,,,0,5269,,,,,0,5269,,,,,0,5267,,,,,0,5263,,,,,0,5267,,,-20062.37019230769,50867.39253684597,52,56,-149034.75,0.0
Cyprus,-0.026270049015847,0.9570247393473632,76576,116347,-0.00051960235578,0.2703368961811065,0.0066505861488771,0.1055862884845696,60984,116347,-0.0318228505551814,0.0347563259303569,-0.3242035576929238,4.188407537043178,78036,116347,-0.95003579556942,0.0055801214184612,0.0131061775799367,0.0860659840074013,9681,116342,0.0,0.0932201445102691,0.0033345551035298,0.0878802269250624,76265,116347,-0.0011769533157348,0.0240274667739868,188.79299363057325,91421.76475084666,1099,1143,0.0,0.0
Czechia,-0.1925556331461637,5.968891126430716,1225270,1274505,-0.3406728446483612,0.826626378297807,0.0002923989307721,0.142158820542951,1181737,1274505,-0.0833103895187377,0.0929560065269468,-0.0485991725602076,1.7113093606828451,1272721,1274486,-0.2886454164981842,0.1144047677516937,0.0127134971193791,0.1659231546095443,577599,1274449,-0.0179551225155591,0.042151528969407,0.0004284233157487,0.0155986757548112,1213681,1274486,-0.0177658200263977,0.0199620127677917,5599.810023252362,223943.63325457947,20213,20216,0.0,0.0
Democratic Republic of the Congo,0.0031172106583461,0.1269124871644171,23018834,24620685,-2.4618085831207257e-06,1.0048257991002093e-06,-0.001383285606636,0.0314028542013493,22149902,24620685,-0.0134413212537765,0.0044448971748352,0.5001616423986449,31.198502236750738,24312928,24620623,-0.0143826005514711,0.0715845160186275,0.0009887659721837,0.0135562785974819,1272471,24620164,-0.0033672554418444,0.0076481611467897,-0.0006146123484645,0.0114985755885724,23348001,24620623,-0.0082376599311828,0.0049363374710083,-390.33941323581394,95796.9221090383,376267,376430,0.0,0.0
Denmark,-0.3561596243995571,3.888383614031704,475066,824088,-5.08461856842041,1.8082728385925293,-0.0072621469041848,0.1261594617901159,393933,824088,-0.0649450063705444,0.0600842118263242,-0.0098540922914864,0.112771253935145,487954,824063,-0.0456439517438411,0.0042738457676023,-0.0077052935910186,0.2197182780321862,471498,824066,-0.1310897342860698,0.0081421351060271,0.0023966391734898,0.2224061555418114,471707,824063,-0.0037088394165039,0.0144011974334716,7901.079466423441,126313.89894428063,8771,9528,0.0,0.0
Djibouti,0.0304778506875175,0.2614744340819313,206522,241839,-0.0006881732231704,7.750291297270291e-05,-0.0134967472542821,0.2004906539995888,67877,241839,-0.5530194520950317,0.1058712482452392,-0.770798595178788,9.98546922598702,122044,241836,-2.055955040454864,0.1694460600614546,,,0,241791,,,0.0015195604701532,0.0130224382188362,118949,241836,-0.0051626682281494,0.0159272551536559,-225.26295316008984,8362.889064428671,3117,3186,0.0,0.0
Dominica,,,0,8558,,,,,0,8558,,,,,0,8559,,,,,0,8559,,,,,0,8559,,,0.0,0.0,105,111,0.0,0.0
Dominican Republic,-0.2697334706564466,2.1958895782591994,462231,538996,-1.7047945857048037,0.0451980382204055,0.008721321281555,0.1079048073961335,427051,538996,-0.0525974333286285,0.1670747697353363,-1.6382023368121583,44.463779896734,471711,538970,-9.587257385253906,0.3428554534912109,0.0358308187857196,0.2584899017634079,207519,538956,-0.2832010388374328,0.4465952515602112,0.0053644950064858,0.019330362232646,454743,538970,-0.0067723929882049,0.0391878843307494,5656.319693339722,225252.50354403933,10435,10671,0.0,246.03112030028927
East Timor,-0.0054453261191843,0.7952965487916476,54675,161043,-0.0299151230603456,8.213288140267474e-07,-2.6527175568876632e-05,0.0292646058970484,46765,161043,-0.0030574917793273,0.0063871383666991,-3.7328429118620754,134.6705473150664,125054,161043,-32.30316867828369,10.06058487892148,6.237903450591025e-05,0.0009805087561896,88115,161076,-0.0007774241094011,0.0011564820306375,0.0032678302857381,0.0177341373498313,122373,161043,-0.0115169167518615,0.0332333087921142,-27.01575039748637,1618.4467332028594,3302,3701,0.0,0.0
Ecuador,-0.0446090208392328,1.1517274400893651,2464894,2711394,-0.0002314478850166,0.0,0.0013164178661255,0.0661329673774203,2307373,2711394,-0.00559903383255,0.0097184419631957,-0.6278322449928745,53.06307829266266,2545772,2711385,-0.3343883886933326,0.1514850378036491,0.0099229694532287,0.0903760381398516,410495,2711296,-0.023933321237564,0.0680752322077751,0.0007877063795454,0.1055176052552,2442711,2711385,-0.0062737762928009,0.0103746652603149,-1442.1215862646852,95697.34418233891,58477,58971,0.0,0.0
Egypt,-0.0099353481129717,1.065068483824836,10381005,11573984,0.0,0.0,-0.0057072900917702,0.0924908715624456,503588,11573984,-0.0028670996427536,0.0,-0.0026306108128568,0.1741342876352439,633609,11573886,-0.0034540316555649,9.477749154029878e-06,0.7305441569248862,2.695652578878293,100341,11573682,-0.0933345183730125,3.426349401473999,0.0013087559591879,0.0087783960415676,389459,11573886,-0.0006396472454071,0.0114773869514465,-32685.898263395604,790566.2902055314,47161,47935,0.0,0.0
El Salvador,-0.1110653657857029,1.3078557779609028,188430,222128,-0.3332164540886878,0.0,0.0188382707046252,0.0911257318797469,168987,222128,-0.0140662670135498,0.2240336596965783,-3.598909727904544,22.39927457773302,193094,222127,-18.0817813873291,0.0001927770572365,0.0629558820706568,0.13867029087118,69190,222107,-0.035707520134747,0.3562480509281158,0.0084387174233435,0.0183430696928202,185723,222127,-9.22083854675293e-05,0.0405477583408355,47236.94418291863,373359.8151174836,2974,3274,0.0,169113.83281249984
Equatorial Guinea,0.0003989351816906,0.0647604141676029,236630,286177,0.0,0.0,0.0001659449127376,0.0118736267322358,209130,286177,0.0,0.0,0.2000022049158145,12.628020413373562,258655,286176,-0.0002978356264065,0.0183530626818537,-0.0016987344800211,0.015894290082055,9179,286163,-0.0253071511164307,0.0160149186849594,-0.0005899764903659,0.0088832080096333,250077,286176,-0.0073703527450561,0.0006033062934875,-31.620534179956007,652.765354388543,3637,3670,0.0,0.0
Eritrea,0.0258686993476335,0.3215004230401543,1213850,1320015,-0.0016618172696325,0.0003343172429595,0.0059769595034973,0.1647710660355573,1019355,1320015,-0.0289241015911102,0.0869670927524565,-1.1966538669248077,59.77368024851128,838819,1320016,-5.513624668121338,0.1826335147023197,6.097058444906084e-06,0.0003670925206136,242455,1319936,-0.0002439555391902,0.0001477432990213,0.0033706705683993,0.0138439334626582,814279,1320016,-0.0049489438533782,0.0253650248050689,71.57508876092729,21655.24666330325,33517,33863,0.0,0.0
Estonia,0.5252518198560164,2.4101921041628938,735223,928666,0.0,4.296322250366211,-0.014950447400992,0.1305555512763845,647776,928666,-0.2552827671170234,0.0695956945419311,0.0079024404104944,0.0670322930303526,732994,928650,-3.7745048757642503e-06,0.0424160791561007,-0.0029460619662542,0.136340693138841,228866,928658,-0.0096663385629653,0.0057636057026684,-0.0042960478916952,0.0881601220634542,700093,928650,-0.0237895250320434,0.0001873970031738,-4201.551082802548,36791.884178634384,11775,11998,-15134.857714843749,0.0
Ethiopia,-0.0979543466082,0.5928501610309255,11566720,12032719,-0.9234296590089796,3.3423811692040684e-05,0.0084276862151252,0.0733809796187592,10954521,12032719,-0.0175675749778747,0.0792276859283447,-2.655818148487626,49.93657772195944,11591875,12032635,-5.827280569076535,0.0838853284716596,0.0001024913871444,0.0032268718782256,2231252,12032372,-0.001829423761228,0.002718432038091,0.004110963392401,0.0163492295051105,11194042,12032635,-0.0035131573677062,0.0304011046886443,1873.6544649476068,98087.5063677507,149733,149733,0.0,0.0
Falkland Islands,-0.0169543122121761,0.1213699124736833,48003,222071,-0.0622255317866802,0.0,0.0016148180820097,0.0156406594445528,30495,222071,0.0,0.0111804604530334,0.0308901136221147,0.494636075952626,48349,222046,-0.0006661916733719,0.0017168086953461,,,0,222051,,,-6.941428251450978e-05,0.0039316837990834,46728,222046,-0.0007683902978897,0.0010432600975036,0.7304645374145744,36.578942410690686,2579,3089,0.0,0.0
Faroe Islands,,,0,0,,,,,0,0,,,,,0,0,,,,,0,39450,,,,,0,0,,,0.0,0.0,290,406,0.0,0.0
Federated States of Micronesia,,,0,9836,,,,,0,9836,,,,,0,9842,,,,,0,9844,,,,,0,9842,,,0.0,0.0,120,173,0.0,0.0
Fiji,0.0066264439184834,0.0905209434067934,117046,216142,0.0,0.0268312883563339,-0.000457556673433,0.0144747664718196,93212,216142,-0.0105778276920318,0.0071387916803359,,,0,223171,,,,,0,223311,,,,,0,223171,,,,,0,5135,,
Finland,,,0,23582,,,,,0,23582,,,,,0,23580,,,0.0080677325290754,0.5672024293598424,458527,8210649,-0.6083821713924404,0.8742797672748562,,,0,23580,,,-3669.61733818465,52406.99620462095,82177,83172,0.0,0.0
France,-0.224354723852146,4.270766802743211,8636225,9326937,-0.0226442195475101,0.0814385175704955,-0.0023190499470077,0.1031541812751075,8160629,9326937,-0.0227072954177856,0.0188177824020385,0.3941462301259483,13.985977673527213,8933508,9326872,-0.0939727053046226,0.1066533103585243,0.0068459738148798,0.2051178543211311,3417375,9326855,-0.0082246331498026,0.0193820279091596,-0.0003485311008361,0.0229235385493902,8563567,9326872,-0.0113469958305358,0.010273277759552,3695.180441603815,285009.8892135095,120787,121942,0.0,0.0
French Polynesia,,,0,56497,,,,,0,56497,,,,,0,56497,,,,,0,56494,,,,,0,56497,,,0.0,0.0,233,758,0.0,0.0
French Southern and Antarctic Lands,,,0,135013,,,,,0,135013,,,,,0,134993,,,,,0,134987,,,,,0,134993,,,,,0,1721,,
Gabon,-0.0013099942160522,0.0917828871092631,2600111,2792860,0.0,0.0,-0.000415473960317,0.0284143635516557,2427328,2792860,0.0,1.788139343261719e-07,0.0238622249578886,4.324250530073623,2707699,2792858,-0.0011604157858528,0.0012089768890291,0.0003330379100917,0.0063064068725067,56968,2793022,-0.0059093916788697,0.0089560477063059,-0.0003531637647314,0.0069187224628692,2574160,2792858,-0.0028455853462219,0.0011091232299804,-148.61242282186143,11925.526144100178,69968,71705,0.0,0.0
Gambia,-0.0448228297264524,0.3173225040041448,91538,117376,-0.4726259425282478,0.1716352716088294,0.0060465447572597,0.0488700406331574,76694,117376,-0.0417261034250259,0.0726185619831084,-0.0270369550900226,0.4612671591170306,96691,117355,-0.4213819056749344,0.1518064737319946,0.0009591996205962,0.0173321082513383,65284,117336,-0.0192230310291051,0.0246769674122333,0.0043578290831785,0.0154378700353258,88233,117355,-0.0108327388763427,0.0352341771125793,1225.0509615384617,13195.77049545838,650,1384,0.0,53.05625648498331
Georgia,-0.0166134205610981,1.31882546599772,913227,989034,-0.2284880727529525,0.2477841719984973,-0.0012071259733226,0.072717414157727,859050,989034,-0.0401485055685043,0.036234140396118,0.3696015660357161,29.38953661141221,943497,989023,-1.6892494678497314,1.9362157583236692,-0.00198374588294,0.0644227516248083,283301,988990,-0.0669383406639099,0.0566379688680172,0.0003651188048553,0.0192281266559878,911560,989023,-0.0213208824396133,0.0234952598810195,3720.8125,110578.5787077122,6464,6464,0.0,0.0
Germany,-0.6104875101494527,6.918716622504123,5499065,5967862,-3.754188919067382,0.7981828451156616,-0.0022353901371445,0.1516107695246097,5195411,5967862,-0.100051425397396,0.0899035632610321,-0.0406528041672096,2.3121882126219777,5762513,5967839,-0.1343891143798827,0.0419493243098259,0.00422305210743,0.1523551501059595,2616196,5967718,-0.0128600047901272,0.0406451849266886,0.0007129717236945,0.0398455354609383,5414771,5967839,-0.0138081610202789,0.0175924897193908,9858.964761779069,439549.3644551128,90924,91417,0.0,0.0
Ghana,-0.0746615313299338,0.296859778550636,2414496,2550853,-0.5929010659456253,0.1087034437805414,0.0058665564151049,0.0584431409383871,2300317,2550853,-0.0274972438812255,0.0688220262527465,-0.3015574325199985,12.39846347483415,2469176,2550882,-1.035634607076645,0.3786347806453705,0.0025672293533273,0.0225974893165003,731064,2550819,-0.0243218568153679,0.0393988948315381,0.0024918204860616,0.0264875800890257,2366459,2550882,-0.011509358882904,0.0246115982532501,-1766.0616136919316,101662.7708503148,57260,57754,0.0,0.0
Gibraltar,,,0,105,,,,,0,105,,,,,0,105,,,,,0,106,,,,,0,105,,,,,0,1,,
Greece,-0.0301154523422531,2.636696323475037,1247410,1810950,-0.3895230442285537,0.3290231406688696,0.0062695155950698,0.0998479461925931,1104135,1810950,-0.0341375485062599,0.1063414856791497,-1.0914421440946571,21.405517247002305,1285988,1810866,-6.01510763168335,0.3966340094804718,0.0235960520973775,0.2799234466811528,501394,1810867,-0.1548745289444923,0.3537060663104052,0.0037395661296457,0.0401498074972433,1234065,1810866,-0.0130482196807861,0.0352902770042419,5107.311886586695,88316.00800032711,29344,31714,0.0,0.0
Greenland,,,0,20265,,,,,0,20265,,,,,0,20275,,,,,0,87571076,,,,,0,20275,,,0.0,0.0,514926,527828,0.0,0.0
Grenada,,,0,4106,,,,,0,4106,,,,,0,4105,,,,,0,4101,,,,,0,4105,,,0.0,0.0,5,14,0.0,0.0
Guam,,,0,6471,,,,,0,6471,,,,,0,6469,,,,,0,6478,,,,,0,6469,,,2056.2916666666665,18043.88596974857,78,109,0.0,0.0
Guatemala,0.2383811175225317,2.1245512802593693,1119530,1193731,-0.0230972454883158,0.9596988767385484,-0.0076710099966143,0.1066409939752281,1055573,1193731,-0.1407410264015197,0.063795459270477,-0.3273217535203,50.03006240258847,1158424,1193761,-0.8048168569803238,3.446850049495686,0.0334527405036553,0.3111082419092812,340868,1193709,-0.2487256623804569,0.5130745768547058,-0.0042938836856205,0.0697031543124451,1097187,1193761,-0.036558598279953,0.0179470241069793,-1240.6286871881025,254821.5157560469,20239,20442,-1712.7227050781248,0.0
Guernsey,,,0,1568,,,,,0,1568,,,,,0,1564,,,,,0,1566,,,,,0,1564,,,,,0,17,,
Guinea,-0.0547222569139157,0.3005133106010008,2502200,2623382,-0.6652760654687881,0.079276084527373,0.0043784047750652,0.0272651061697387,2396462,2623382,-0.0168256103992462,0.0613782405853271,-0.0862896754992776,22.87546131236193,2563153,2623342,-0.6157329320907593,0.2113150566816317,-0.0002066859487961,0.0114206286122237,554382,2623255,-0.0139408788178116,0.0143199631012976,0.0007621994107893,0.0411256874256691,2474834,2623342,-0.0097445458173751,0.0161555230617523,-170.17426636568848,46811.79936604188,48730,48918,0.0,0.0
Guinea-Bissau,0.0337720323176691,0.1904238025367919,281864,371526,-0.0313666731119155,0.4050180569291107,-0.0036111535986893,0.0377453941140583,242884,371526,-0.0563922345638275,0.0235886096954343,0.0332303096302329,0.3394412860815123,292380,371507,-0.0038969190092757,0.1768736124038694,-0.0014404247833896,0.0112302815702566,78408,371542,-0.0210209693759679,0.0097251539118587,-0.0019882733633915,0.0344819409535317,277307,371507,-0.0125701427459716,0.0019597291946411,-760.917667367157,20274.38955077711,3331,3731,-119.31130599975586,0.0
Guyana,0.0166231131704116,0.3440011124053209,2105367,2220462,0.0,0.0,-0.0016500914053976,0.0327651027287059,2012788,2220462,0.0,0.0,0.0350273977177817,5.553198550470501,2183884,2220459,0.0,0.0005027505452744,-0.0059849075412436,0.0471415265805809,30661,2220370,-0.1385416984558105,0.0631597638130188,-0.0005169312504589,0.0034114075580024,2090551,2220459,-0.0021181106567382,0.0,-82.05661197339246,4467.735963698124,56375,56495,0.0,0.0
Haiti,0.0181627796796717,0.2878240615681196,220157,305334,-0.0946402877569198,0.2535218060016628,-0.0038837580245265,0.0353370809503849,178099,305334,-0.0492568492889404,0.0173529803752899,1.781006697257559,67.98660767216492,223487,305357,-2.255882048606872,4.421289157867419,0.0236924460926757,0.1246441378535052,58180,305377,-0.0898492630571126,0.2670852839946747,-0.0007205769904486,0.0340332073393746,217455,305357,-0.0133015930652618,0.0066338539123535,-1470.0014278065323,180201.06112737145,5603,6201,0.0,0.0
Heard Island and McDonald Islands,,,0,7064,,,,,0,7064,,,,,0,7063,,,,,0,7063,,,,,0,7063,,,0.0,0.0,61,73,0.0,0.0
Honduras,0.0421502165291099,1.2768480119960313,1140984,1229151,-0.0580773184075951,0.1289445064961908,0.000953039185213,0.0971306004162267,1080964,1229151,-0.1046749353408813,0.1796953111886977,-0.5791621645034947,41.93562065940382,1171659,1229121,-6.057035779953003,4.7764445304870335,0.0331229984272047,0.1365015912621012,328277,1229068,-0.0989356458187103,0.2557154297828674,-0.0008632821546092,0.0228703133110771,1128120,1229121,-0.0292165637016296,0.0311253279447555,1308.9999616931625,72196.58943538438,26105,26485,0.0,0.0
Hong Kong S.A.R.,-1.280273647784776,5.870165354076176,1161,13454,-6.879156589508057,0.1021059826016426,0.0412963834583249,0.1692054790652359,585,13454,-0.1078731894493102,0.5562851309776305,-2.924179185984308,61.44670137539906,1402,13459,-40.98073596954346,0.4544247791171113,0.0072258206370482,0.0284057696973891,319,13473,-0.0221061892807483,0.0772471100091933,0.0045364611377843,0.0130476787169775,1343,13459,-0.0054737031459808,0.027992296218872,293577.30841121497,1993788.0025758345,214,274,0.0,6287737.0
Hungary,-0.1830896088165624,2.5940719823561778,1247062,1430673,-0.7932918101549147,0.0617352442815898,-0.0043090037779382,0.1076096480761252,1131735,1430673,-0.0436962604522705,0.0385980010032653,-0.0145750036846411,0.8579893366704805,1421441,1430652,-0.0612652227282524,0.0018107931828126,0.0069916294487425,0.1375662118534815,753949,1430639,-0.0400707334280014,0.0832932874560355,0.0013538542769295,0.0110874309036603,1177702,1430652,-0.0026422142982482,0.0126650929450988,6905.6968027093735,142739.43080581966,17421,17421,0.0,0.0
Iceland,,,0,0,,,,,0,0,,,,,0,0,,,,,0,2560793,,,,,0,0,,,-55.85772610418071,3512.640192566326,23728,24753,0.0,0.0
India,-0.0409567080821186,2.394536095521221,34108445,36164900,-7.838736200938001e-05,1.3033196410105636e-05,-0.0016496835244408,0.0732929911506178,32513194,36164900,-0.0094551444053649,0.0082411974668501,-0.2080837615322459,30.402130259695284,34146319,36164801,-0.2387215718626976,0.0284522788599133,0.0041466465539226,0.1287787136290291,11175025,36164615,-0.0561482161283493,0.0762361228466031,0.0005226070289687,0.0393061083003305,32472733,36164801,-0.003585934638977,0.008919358253479,-2895.120211090644,256561.8399619211,763274,769054,0.0,0.0
Indonesia,0.1601098617374728,2.649098273055292,16170325,20199877,-0.070505666732788,2.5938219070434245,-0.0071610764387127,0.1262524564865024,14406993,20199877,-0.1584406852722167,0.0602398753166197,0.3084671098837149,69.15922212788045,16912406,20199880,-0.4493129476904869,1.184967219829559,0.0050135747244914,0.074406270856212,6059521,20199879,-0.0988212153315544,0.1311310976743698,-0.0027011386068132,0.1056339511459567,16070451,20199880,-0.0325418412685394,0.0127665400505065,3059.8964113843804,286022.1932481228,428271,446524,-11.753303527832031,0.0
Iran,0.215944084027629,2.515524735757793,18715368,20235334,-0.0009889796783681,0.1366560749709565,0.001507040505498,0.1758165581707988,9253537,20235334,-0.2000511765480041,0.2018166899681059,0.2465811632271011,10.859506693997274,10685652,20235218,-0.1591165497899055,0.4893677532672882,0.0744984796601521,0.3403956363685227,2095173,20235130,-0.1631412059068679,0.6315059065818787,-0.0011795711657634,0.0552948425904379,8917463,20235218,-0.0158308744430542,0.0088030636310577,-2856.1214712184046,198768.09367005609,398119,418121,0.0,0.0
Iraq,0.0400371533687542,5.285243852420495,4886569,5464028,-3.429497010074549e-05,0.0006422189064323,-0.001290569399096,0.161913033987295,1286414,5464028,-0.0539934962987899,0.0148625412490218,-0.0202722323900083,3.633074988450005,2478962,5463918,-0.0456748463213443,0.0290426724590357,-0.001379986589277,0.0486393076825244,122347,5463794,-0.0004145998274907,0.0012624575407244,6.601825936956976e-05,0.008923782764045,2206679,5463918,-0.0061880409717559,0.0064569354057311,-1417.3753727375697,64129.19041907122,86522,86628,0.0,0.0
Ireland,0.0360085614871877,1.6916886675269605,951003,1233826,-0.0353299073874949,0.0412576682865619,-0.0007267508212427,0.0559518739199072,849275,1233826,-0.0086325049400329,0.0060999512672424,-0.0070051050483337,0.7857695466046568,977965,1233819,-0.0043198844417929,0.0010879543842747,0.0049378254072125,0.279933059028366,58732,1233794,-0.0036084833554923,0.0082235303707404,0.0002811869353829,0.0046024968511754,934898,1233819,-0.0010124623775482,0.0025923252105712,-9453.61138347483,144226.2613862583,16726,17420,0.0,0.0
Isle of Man,,,0,10662,,,,,0,10662,,,,,0,10661,,,,,0,10657,,,,,0,10661,,,-2623.282483552632,15956.804612219155,76,78,0.0,0.0
Israel,-0.2871276906247967,5.367796113291468,292079,349913,-0.0001555888229631,0.0486933726817368,0.0054801316085497,0.1461730629919208,167794,349913,-0.0251087605953216,0.0793515264987946,-0.469209008938482,4.7358045509518725,196398,349910,-1.5596050679683684,0.0055812683422118,0.0929513527637519,0.6851507689762731,104767,349878,-0.127745172381401,0.5330202639102934,0.004330058754803,0.0120215147578323,173783,349910,-0.0009246289730072,0.0256014347076415,-2586.255212858384,242565.83657935364,4604,4617,0.0,0.0
Italy,0.0089867020777245,3.8008982809679086,3754877,4312552,-0.1564393758773803,0.5339081287384033,-0.0011849695645557,0.1210390008985514,3457713,4312552,-0.0567091464996337,0.0485886812210081,0.3787807082187537,36.94704640750471,3876853,4312532,-2.2305342197418208,2.721529006958008,0.0074191391738122,0.6433940337302673,1308734,4312607,-0.385726660490036,0.228123160451648,-0.0008549582900193,0.1738952036827141,3723897,4312532,-0.0272640943527221,0.0185312032699584,1771.9291955544193,351660.30247456155,66493,68535,0.0,0.0
Ivory Coast,0.0284757694497477,0.5529046626114829,3278333,3419143,-0.4803857564926147,0.6273279428482053,0.0015894312926187,0.0518205889048484,3161463,3419143,-0.0552901923656463,0.0717298328876495,0.6251182342502218,19.311672612194837,3381000,3419127,-0.2267280273139476,0.8258906453847878,0.0031963100478393,0.019097821383871,809624,3419008,-0.0105725959409028,0.0340988060459494,-0.0016023372724805,0.0747767739795692,3254887,3419127,-0.0250875771045684,0.0138104557991027,-5802.427559320763,156268.38383166306,26677,27667,0.0,0.0
Jamaica,0.3646020467921571,1.7200017032091297,89967,123980,0.0,2.8409596681594844,-0.015758523647854,0.0998541244433983,73871,123980,-0.1787859797477722,0.0579430758953094,3.490353457540135,40.868475828528005,91192,123990,-0.0021762035321444,9.58258266448972,-0.3075780916522511,2.051873274745569,22256,123974,-4.298014163970947,3.621619343757629,-0.0089369676766266,0.1520697714626697,89525,123990,-0.0571784853935241,0.0014320254325866,-53520.9179331307,256360.697177394,2632,2798,-267112.6,0.0
Japan,0.2115430217059974,4.394719525537296,3941952,5000971,0.0,1.1369264125823977,-0.0067041389840838,0.1208893963197624,3518947,5000971,-0.109767535328865,0.0231849730014794,1.3666784651771946,57.21484690155058,4079611,5000956,-1.1161272525787354,3.5170645713806152,0.1401995433724241,1.454075463025162,938073,5000881,-1.903051805496216,2.4968940258026047,-0.0037922210908912,0.2066799693846157,3939405,5000956,-0.040445864200592,0.0163804173469543,-14834.515318935208,628372.4435725403,87604,93215,0.0,0.0
Jersey,,,0,2243,,,,,0,2243,,,,,0,2242,,,,,0,2239,,,,,0,2242,,,0.0,0.0,6,13,0.0,0.0
Jordan,0.0049016539340699,0.4510142998239154,1034668,1094730,-2.02423343580449e-05,0.0,-0.0057045631701753,0.1218335926922367,169347,1094730,-0.0448653936386108,0.0126647442579269,-0.049765565731609,3.551101830187798,421810,1094647,-0.0369692234322428,0.0,0.0306996520601892,0.481406959407387,51714,1094576,-0.4088206887245178,0.5393397986888874,0.0029696137220934,0.0092950952652361,106029,1094647,-0.0020597696304321,0.0207759976387023,-5010.048309178744,308851.7038564715,12420,12420,0.0,0.0
Kazakhstan,0.0505689077921033,0.887417802478924,38921070,42840691,-0.2552718818187713,0.2956024765968283,0.0147002081981824,0.1287834595881483,34809862,42840691,-0.0338245034217834,0.0884010046720502,-0.0059937206786644,4.430846872306876,39797812,42840479,-0.0354716829955577,0.0120353670790791,-0.0010813856136527,0.0548050635240869,6012957,42840061,-0.0052093137055635,0.0035208065062761,0.0011080667014204,0.0085614489045205,36220994,42840479,-0.005831241607666,0.0130148530006408,-268.63005491589763,24710.88895515931,578521,579792,-1.0616703033447266,0.0
Kenya,0.0135244598361525,0.424631608368571,5851419,6175625,-0.1425868645310401,0.0012154941330663,0.0069157444054123,0.1128985593665772,5555548,6175625,-0.0197690367698669,0.0485013127326965,-0.2391872293616867,19.28138587003277,5945435,6175602,-0.5699886858463288,0.0303255094215273,0.0010467454400613,0.0285002954799085,1192649,6175502,-0.0019980592187494,0.0034718487877398,0.0014892676316215,0.0142513312174059,5673918,6175602,-0.005059540271759,0.0181299537420272,-4663.375002490586,291522.8132082044,100378,100880,0.0,0.0
Kiribati,,,0,16028,,,,,0,16028,,,,,0,16026,,,,,0,16026,,,,,0,16026,,,,,0,349,,
Kuwait,0.005826855419886,0.1712385331232028,167877,211147,0.0,0.0001102361988159,0.0119993543541729,0.1488433372367005,12043,211147,-0.0049031496047973,5.960464477539064e-08,-0.00617212158501,0.1215230893230312,13933,211152,-0.0426912561058998,0.0531875722110271,1.1154564632958188,1.6071546219861637,429,211092,0.0,4.917129230499265,-0.0039647761322886,0.0211653459117909,12601,211152,-0.0431815385818481,0.0221584439277648,-9739.672018348623,122736.441975234,3488,3815,0.0,0.0
Kyrgyzstan,0.0353218302320401,0.8310817947893393,2514005,2758381,-0.2681322932243347,0.516573679447172,-0.001477208064379,0.090495298579491,2343722,2758381,-0.0599807947874069,0.046519449353218,0.4650138258753113,42.56599331209165,2544866,2758347,-3.7186619639396663,4.477268695831299,-0.0022761926597364,0.2019609622977813,615019,2758312,-0.009618604555726,0.0159950032830238,-0.0005327694750664,0.0181698346287771,2430926,2758347,-0.0248574614524841,0.0199556648731231,-677.1053309296935,36445.94849159252,38830,38830,0.0,0.0
Laos,0.0396046707108295,0.4979729272744611,2455638,2550398,-0.0920249514281749,0.3748569414019583,-0.0034326602937574,0.0437590918606248,2365838,2550398,-0.0414756596088409,0.0201731324195861,1.2185222578099617,46.17078171300599,2542074,2550385,-2.71007684469223,3.94930648803712,-0.0005588594137629,0.0215292866334793,334011,2550223,-0.0029515109490603,0.0030157371656969,-0.0014955463523495,0.0162312112637302,2432015,2550385,-0.0253060579299926,0.0200272977352142,-598.025819265144,9342.28870075754,29203,29203,0.0,0.0
Latvia,0.2124920712486588,1.1027993776352027,1139839,1238735,-1.477506509672816e-06,1.7910127639770508,-0.0118977279084295,0.0927880659486532,1056902,1238735,-0.1671612113714218,0.0574060678482055,0.0086175623883552,0.0833133244089889,1184561,1238719,-0.0012160105397924,0.0458250194787979,-0.0197124789095303,0.27736754421575,338423,1238699,-0.7544118762016296,0.347148889303206,-0.0039227112336371,0.1120294322313472,1118543,1238719,-0.0233073830604553,0.0023181855678558,-4071.684029765312,56829.20578213407,13976,15091,0.0,0.0
Lebanon,0.2922656864662618,4.007931398857156,113121,130688,-0.0092866439372301,1.5059868097305298,-0.0019272054790652,0.1068887682610268,90639,130688,-0.0772252082824706,0.0144265234470367,-0.5321249575448284,26.522964771167167,114827,130677,-1.9664589166641235,1.9361331462860107,0.0709963075245673,0.6207515938821516,63041,130670,-0.129969909787178,0.6206957697868347,-0.000858821701457,0.0209424467510637,112318,130677,-0.0212340682744979,0.0085358798503875,-17252.821052631578,359064.6093874978,1330,1418,0.0,0.0
Lesotho,0.2080042511199834,1.6623023429756016,352907,368614,-0.0651929974555969,1.7023571014404304,-0.0037044783781951,0.0544724724101606,341609,368614,-0.0714026570320129,0.0389995694160459,1.1864799194660758,21.865617372907696,368292,368587,-0.7561910808086396,3.943628239631657,0.000219330358963,0.0149125371161184,68740,368556,-0.00467458399944,0.0075952359475195,-0.0019419857374173,0.0124654791050987,356630,368587,-0.0222135931253433,0.0068761110305786,-20479.59624413145,112187.99258508606,3408,3408,0.0,0.0
Liberia,0.1073067591744938,0.4124127286573286,932858,1017060,0.0,0.7683051973581302,-0.0140127467508671,0.0542457191420208,866385,1017060,-0.120354413986206,0.023595345020294,1.5402514096791204,23.900054738744537,986040,1017065,-0.0103151608258485,6.067427539825427,0.0021921763697077,0.0088136438066024,178479,1017044,-0.0037726137787103,0.0155255370773375,-0.0103745720323357,0.044190879813062,948469,1017065,-0.0711002588272094,0.0016980528831481,-5288.1414368462,67609.13539832881,11567,11738,-1249.2775268554683,0.0
Libya,0.0072638871994934,0.2983791137768442,17724947,19091967,0.0,0.0,-0.0009920228744838,0.1217724048555605,726056,19091967,-0.0160603076219558,4.296540282666683e-06,-0.0006538832886623,0.3893678722075037,1315416,19091942,-0.000204823398235,0.0015976684808265,0.2341826124625604,1.0465665402589366,65105,19091830,-0.3086787760257721,2.14686298370361,-0.0009509950950226,0.0131928364969703,476896,19091942,-0.0118602216243743,0.0044832080602645,-387.9262122241,23335.816228782805,195859,196245,0.0,0.0
Liechtenstein,0.1498958392945489,4.007722372130299,2116,2447,0.0,1.4841853082180023,-0.0107554788431845,0.1457535366770275,1936,2447,-0.2037145383656025,0.2525121346116066,1.6819674101211162,20.10941271236954,2446,2446,-0.4095522239804268,9.383408069610596,0.2373053444756402,4.451007052472063,90,2441,-8.122564387321471,9.175564765930176,-0.0211659576002568,0.0234730396566491,2362,2446,-0.0646673828363418,0.0002130985260009,0.0,0.0,8,8,0.0,0.0
Lithuania,-0.0306344951701045,0.9987741882736704,1142209,1194244,-0.7288879871368408,0.2185259759426117,-0.0016418221467017,0.0820095069996569,1092633,1194244,-0.0581677556037902,0.0659559369087219,-0.004554789047461,0.0959785486871646,1178713,1194246,-0.0271178871393203,0.0059785465709865,0.0153462742420315,0.2592369455179568,684890,1194257,-0.2663626492023467,0.5641645610332467,0.0013368033719396,0.0559385949371841,1118802,1194246,-0.0065039217472076,0.017221388220787,5996.640417754569,54069.81375355777,9575,9580,0.0,0.0
Luxembourg,0.0249006563963941,1.1676175116465484,25429,41773,-6.009350272506708e-06,0.5614921450614929,-0.0039584846783747,0.0732432547622385,24841,41773,-0.0724424123764038,0.0187953114509582,-0.0775120789362023,2.312437316579027,41759,41775,-0.3145894229412078,0.2639581859111786,0.0091438713548026,0.1465418911780056,16890,41771,-0.0004671543618314,0.0088400729000568,-0.0018459405510543,0.0146149197715102,39914,41775,-0.0270858645439147,0.0152390331029891,6022.078733766234,117672.77348199584,616,616,0.0,0.0
Macao S.A.R,,,0,442,,,,,0,442,,,,,0,444,,,,,0,442,,,,,0,444,,,,,0,4,,
Macedonia,-0.1442363801991759,1.6135149052228512,332721,348675,-0.2960533499717712,0.0002175885747419,0.0067612090032832,0.0797728294337983,315050,348675,-0.0213056057691574,0.1022788077592849,-0.8923067430602276,14.181118088769152,341870,348669,-5.273706221580505,0.049594168923795,0.0096372419159305,0.0704126580361334,121746,348645,-0.0590569917112588,0.1480147093534469,0.005753229040407,0.0187481228700581,325161,348669,-0.0084748268127441,0.0413522720336914,645.1515491036633,8066.66699152325,2566,2566,0.0,114.33100318908691
Madagascar,0.0050909949207161,0.1658460285642944,6134034,6644902,-0.0933289915323257,0.1044673189520835,0.0009362592194916,0.0374365776898578,5750334,6644902,-0.0154189079999923,0.0285952121019362,1.694418676524928,39.459815665008776,6335397,6644902,-0.120833334326744,0.3808354854583698,0.0003167196637249,0.0151148313894184,750090,6644827,-0.0206790163181722,0.0237376628443595,-0.0011870476850827,0.0244909627888244,6097988,6644902,-0.0148716151714324,0.0085609555244445,-738.6032209038432,43488.018080478265,146729,148507,0.0,0.0
Malawi,0.7740505707026019,1.979619722708923,1126769,1275189,-0.1961228340864181,4.8709366798400815,-0.0213425409574574,0.121804007413914,1001115,1275189,-0.2429725348949432,0.1547011494636535,6.335398425399851,63.12311787085688,1024006,1275181,-0.8319647908210754,22.859673500061035,0.0039971278034058,0.0285276896324955,495204,1275059,-0.0253711435943841,0.0500717461109161,-0.0187057351672153,0.0388840141481248,983851,1275181,-0.1058725416660308,0.0125304162502288,-92327.7494972709,370983.4803094875,13924,13924,-687709.546875,0.0
Malaysia,-0.0097573892674949,3.308714342989295,3036027,3506369,-0.7544867634773245,3.2217663288116287,-0.0092851671457414,0.1624380791894594,2774880,3506369,-0.2992060393095016,0.1632635951042158,-0.010538323626088,50.65265921116827,3168853,3506327,-1.2299986124038695,3.010801935195921,0.0206252041732762,0.212992880727356,1226746,3506123,-0.261760264635086,0.4182252734899521,-0.0022298532319444,0.1216312399484062,3028997,3506327,-0.0366105556488037,0.0258936882019042,-3885.124931366448,227370.91275205763,81957,86372,-48.39266662597656,0.0
Maldives,,,0,4188,,,,,0,4188,,,,,0,4188,,,,,0,4171,,,,,0,4188,,,0.0,0.0,3,57,0.0,0.0
Mali,0.010213332117389,0.2287400238479125,13000870,13810144,-0.0024011347442865,0.0733924258500337,0.0019972958092912,0.159555483957659,6313404,13810144,-0.083166953921318,0.0801741987466811,0.0323458218462687,3.2480242383935773,6190659,13810063,-0.1687410280108451,0.2902662426233288,0.0001166892032207,0.0022545694273001,1633145,13810089,-0.001311418483965,0.0022736173123121,-0.0001199754069249,0.012336115888912,5849908,13810063,-0.0184743583202362,0.0172920405864714,-5640.726255844099,126821.31891986376,137318,137376,0.0,0.0
Malta,,,0,4560,,,,,0,4560,,,,,0,4563,,,,,0,4572,,,,,0,4563,,,0.0,0.0,23,30,0.0,0.0
Marshall Islands,,,0,4813,,,,,0,4813,,,,,0,4819,,,,,0,4809,,,,,0,4819,,,0.0,0.0,4,92,0.0,0.0
Mauritania,0.0072539074661745,0.231114887617791,10846639,11687528,-7.78232242737431e-06,0.0,0.0001101378254679,0.191401053730036,2417092,11687528,-0.1344960540533065,0.1308517843484875,-0.0080521787625611,2.5485744833614525,1983991,11687395,-0.0825388245284557,0.1535548865795135,-4.114240079665386e-05,0.0014775179087739,235039,11687487,-0.0004498692869674,0.0003353740030433,-0.0010320626716002,0.0140960047897809,1870945,11687395,-0.0187484502792358,0.0132040262222289,13.147828199175752,4072.709428600858,76676,83726,0.0,0.0
Mauritius,,,0,23757,,,,,0,23757,,,,,0,23760,,,,,0,23760,,,,,0,23760,,,-65224.258278145695,261347.60174868468,151,157,-689607.40625,0.0
Mexico,0.17116699048777,2.298836686674146,20898885,22602470,-0.001118740835227,0.1921295046806336,-0.0022188687010679,0.0774095038790694,19564904,22602470,-0.0278513252735137,0.017315924167633,0.0757392585087392,18.706978979617567,21415276,22602452,-0.0824531465768814,0.2646963372826576,0.0351639950698636,0.6795397793147264,3163807,22602647,-0.07404216080904,0.2334315478801727,-0.0008587265385048,0.0291121127165361,20512253,22602452,-0.0143796205520629,0.0079767107963562,-13898.87740346876,428029.40541799227,484092,489446,0.0,0.0
Moldova,-0.0179448610271929,0.2692751163334081,496102,521719,-0.1252728745341299,0.0034413969493469,-2.8141723067423336e-05,0.0358223904727596,467866,521719,-0.0250279307365417,0.0203173458576202,-0.2618083405840108,1.9323891017325847,520641,521716,-0.8629364967346191,0.0,0.0123415258730121,0.1186354077568145,206691,521669,-0.0332719460129737,0.0647532045841217,0.0034520934086884,0.0105103918503459,492196,521716,0.0,0.0194595605134964,538.9749543703102,19223.61732820265,4931,4931,0.0,0.0
Monaco,,,0,39,,,,,0,39,,,,,0,39,,,,,0,42,,,,,0,39,,,,,0,4,,
Mongolia,0.0248424778344517,0.3022215929884088,22328683,23953635,-0.0574631817638872,0.0724441930651664,0.004006535463702,0.1347280952345525,13954423,23953635,-0.0441616654396057,0.0552027106285093,-0.549454415753592,11.731210613370813,17960196,23953538,-0.7953180968761444,0.0769172832369804,-0.0002353327287422,0.0011873920282218,8736,23953508,-0.0014670283999294,7.839260069886222e-05,0.0017337038771325,0.0129578933565982,17204725,23953538,-0.0066339969635009,0.0187301516532897,1.3430824762658229,195.4405660873138,17380,17380,0.0,0.0
Montenegro,0.0519626139133035,2.224342170809875,151719,190715,-0.1367026582360267,0.4262395024299628,-0.0007925790537334,0.0859670970203377,133961,190715,-0.064689815044403,0.0628837943077087,-0.9602922559306568,92.3817998775674,164400,190694,-6.739083123207092,4.400203299522348,0.0784335411089633,0.3624433228512892,39737,190701,-0.7097178101539612,0.8226197957992554,-0.0009677655651396,0.0531274163138871,159078,190694,-0.0264292955398559,0.0234355926513671,5159.9384615384615,31653.17675441556,1755,1766,0.0,38.6640533447261
Montserrat,,,0,1176,,,,,0,1176,,,,,0,1178,,,,,0,1177,,,,,0,1178,,,,,0,9,,
Morocco,0.1979017760230906,1.7917296595007055,4684849,5130171,-0.0001408633892424,0.964234781265255,0.0007865258234591,0.1705156054091432,3062022,5130171,-0.1680320680141449,0.1439405143260942,0.0028592719702087,20.639631765293156,3535916,5130148,-1.5891425609588623,0.6252197474241257,0.0403724667641767,0.3835768946284838,779919,5129963,-0.1033807896077632,0.4043509840965263,0.0007598862616026,0.0153629427263916,3399333,5130148,-0.009332799911499,0.0188647031784057,-3113.9070911247627,101361.35638400028,103693,104773,0.0,0.0
Moroco,7.92917877108333e-05,0.0123172595770574,2926416,3092093,0.0,0.0,-0.0057266401946355,0.0591801899102839,9434,3092093,0.0,0.0,0.0026557455215309,0.2750788255687814,14764,3092070,0.0,0.0,,,0,3091927,,,-0.001050836912319,0.0135239372891278,2223,3092070,0.0,5.924701690674132e-06,0.0,0.0,40821,41021,0.0,0.0
Mozambique,0.0541836002624033,0.3357508773068666,8120322,8708322,-0.0167676812969148,0.4375176027417172,-0.0062787456456538,0.0502072651074758,7743700,8708322,-0.0666648745536804,0.0156759023666381,0.4870444838369399,23.88704285941041,8381179,8708257,-0.0170783808454871,0.3671015948057154,-2.7184495393126338e-05,0.0044043232836858,976556,8708056,-0.0034882004838436,0.0037283984711393,-0.0030538695188723,0.0592833807789034,7971398,8708257,-0.0247234284877777,0.0043401718139648,-2353.6355289198887,75966.07834330169,197563,199144,0.0,0.0
Myanmar,0.0476925887806818,1.1104469991920896,6821698,7576719,-0.1341157004237175,0.1709021806716913,-0.0022339053940074,0.0531511199583579,6361949,7576719,-0.0339878320693969,0.0239278078079223,-0.6562410470296542,38.547190032418605,7106580,7576665,-3.9215362071990967,1.0551292300224302,-2.277931401973855e-05,0.0214185814107495,1512570,7576686,-0.0282930553890764,0.0298595994710922,0.0011215657009336,0.0507636223713894,6767752,7576665,-0.0178797781467437,0.0247613459825515,-142.77678505227257,13695.743153867286,80922,82308,0.0,0.0
NOR,,,0,1388,,,,,0,1388,,,,,0,1388,,,,,0,1386,,,,,0,1388,,,0.0,0.0,2,4,0.0,0.0
Namibia,0.0072984374872825,0.2267859833082465,8846132,9369601,-0.0241224684752523,0.001404177880613,0.0022160732950451,0.0788468233330344,7270801,9369601,-0.0116747617721557,0.0361177325248718,-0.3410251331457201,14.003994004998416,8014715,9369571,-0.241261826455593,0.001567464438267,-5.990257602347051e-06,8.454772467389189e-05,27542,9369782,-0.0001061168222804,2.672573382369573e-05,0.0021725682366438,0.0093791775707572,7691322,9369571,-0.0012678503990173,0.0176513165235518,-61.48168491416916,4901.408316016885,244143,244859,0.0,0.0
Nauru,,,0,319,,,,,0,319,,,,,0,319,,,,,0,319,,,,,0,319,,,0.0,0.0,1,3,0.0,0.0
Nepal,0.095827951611321,0.9492894365402984,1682005,1760024,0.0,0.1365103065967554,-0.0043022971134449,0.0545368091501275,1625703,1760024,-0.0299110531806945,0.0038103282451629,4.596213109870702,143.3474611725126,1691916,1760034,-1.7225891947746277,7.990594506263733,-0.0001792916804841,0.0356824370309976,407069,1760055,-0.0530765607953071,0.0472585469484325,-0.0023605967278254,0.0210652746188731,1618232,1760034,-0.0277644991874694,0.0132918030023574,-14608.418606960237,223443.34731897176,20143,20143,0.0,0.0
Netherlands,-0.6947625849218524,5.660676441532843,488243,646840,-3.847215485572815,0.5896594524383545,0.0014261109718671,0.149417073190367,424119,646840,-0.0818435251712799,0.1516891896724699,-0.002770256187318,0.0650720416018298,509741,646830,-0.0109862815588712,0.0004249986668583,0.4735824570077099,2.409599030580347,224517,646798,-1.6444547414779662,6.141435050964354,0.0013566479331282,0.0263511482515195,474763,646830,-0.0012533664703369,0.0070301294326782,-1500.0371404635578,936341.1321975891,7162,7502,0.0,0.0
New Caledonia,0.0028579252817938,0.0768092998644856,120815,219436,0.0,1.3203146522754751e-06,0.0004486166274321,0.0274656752098938,92250,219436,-0.016064578294754,0.0149516642093658,0.3490686930791009,88.7336682688893,146585,219433,-12.410296440124506,12.627841377258273,,,0,219425,,,0.0003539067042509,0.0521812237988342,142695,219433,-0.0239129960536956,0.0268490135669707,-426.603633792425,9114.67850079066,4066,4363,0.0,0.0
New Zealand,-0.0219398790128668,1.631287656955682,3150335,3878394,-0.0146791174076496,0.1682466357946392,-0.0020379949448808,0.0709596923183278,2834064,3878394,-0.0312348842620849,0.0141463875770568,-0.4385508441505317,48.57882327811142,2762422,3878377,-0.2466174073517318,0.5098531097173616,0.3744841855072193,2.1683404855763118,40239,3878492,-0.3999611735343933,3.5650129318237305,-0.0006641198529414,0.0327280587021298,2648758,3878377,-0.0158508718013763,0.0093677639961242,-160.3668728675744,38674.38889622679,62722,66060,0.0,0.0
Nicaragua,0.0073330077633993,0.3474208056017062,1272896,1390476,-0.0009711388702271,0.0955304205417633,-0.0019529573496002,0.0466042834761883,1131505,1390476,-0.0252312898635864,0.0128553748130798,0.3354794675657994,13.194906827237034,1232002,1390507,-0.0728957835584878,0.9461718380451198,-0.000386545893717,0.0401450306785111,443341,1390528,-0.0063206348568201,0.0058199646882712,-0.0030725382623073,0.0160719349769032,1175010,1390507,-0.024380749464035,0.0055765241384506,2722.447339039821,79749.86191316746,32244,32689,-22.257513904571525,0.0
Niger,0.0103912498549591,0.1879674994881798,12324110,13060868,-0.0001835045542975,0.0001848539577622,0.0061478388220693,0.1919607318501621,4597461,13060868,-0.1176710724830627,0.112043023109436,0.2535128633007007,9.1767718703363,4290695,13060644,-0.1652674064040184,0.1189882285892957,0.0001063567170668,0.0068227647753532,982665,13060661,-0.0005509667564183,0.0027254764456301,9.82660795906681e-05,0.0124402071882887,4069230,13060644,-0.0147812962532043,0.0171588659286499,-452.7346140163643,19971.517072108192,112440,112440,0.0,17.457050800323444
Nigeria,0.013051929963677,0.5667275387635808,9182064,9714160,-0.7587792664766312,0.7952670365571975,0.0017636539052882,0.0447954906062508,8796377,9714160,-0.0642570972442626,0.0692847013473509,0.15715245041887,10.384500235721411,9518944,9714136,-0.4617721751332282,1.500086724758145,0.0205160501870246,0.1273845212157065,3980491,9714107,-0.0446779951453208,0.1383305341005325,-0.0009839913040573,0.0323836155803355,9099531,9714136,-0.027348518371582,0.0186168253421783,-8752.752105343745,453282.4351715286,84903,86736,-1253.1776977539057,0.0
Niue,,,0,3099,,,,,0,3099,,,,,0,3099,,,,,0,3096,,,,,0,3099,,,0.0,0.0,19,24,0.0,0.0
Norfolk Island,,,0,567,,,,,0,567,,,,,0,567,,,,,0,573,,,,,0,567,,,,,0,1,,
North Korea,1.0634087156046543,4.994288187296897,1487883,1687895,0.0,9.218206691741898,-0.0175270148914372,0.1365415626390208,1408494,1687895,-0.2087798610329627,0.0271961659193035,7.927997662454862,70.2813109618027,1546922,1687870,-0.0371252931654453,27.83640956878651,0.0229605459202313,0.2439495434858713,501594,1687843,-0.3955946862697601,0.4297165870666504,-0.0095184986889209,0.2325960695246314,1493045,1687870,-0.0764541625976562,0.0017319560050964,-6174.426882389545,223637.9866930272,17677,18008,0.0,0.0
Northern Mariana Islands,,,0,7483,,,,,0,7483,,,,,0,7481,,,,,0,7496,,,,,0,7481,,,0.0,0.0,39,62,0.0,0.0
Norway,,,0,1167720,,,,,0,1167720,,,,,0,1167727,,,0.0674290913150481,0.8395958774744112,93354,11529779,-1.905916458368301,1.6731752097606658,,,0,1167727,,,-2740.668641339343,50715.96909660749,93180,97214,0.0,0.0
Oman,0.0019594475013193,0.185160079499647,3191957,3486293,0.0,0.0,-0.0028197141415298,0.0869225251936078,602937,3486293,-0.0163080930709838,0.0001395344734191,1.214924529314363,37.83784413398989,326120,3486312,-0.6140044718980789,0.2368643045425401,0.0113566896799481,0.057433510577483,6189,3486320,-0.0021423592697829,0.056140013039112,-0.0002983498784884,0.0143659721585349,321150,3486312,-0.0043253630399703,0.009003061056137,-132.6177355802085,9998.997337771258,68777,70819,0.0,0.0
Pakistan,0.0651942904692545,2.2182179180730697,9104461,10621759,-0.0002650928217917,0.6545276641845703,0.0105260558202836,0.1827334032738696,7349049,10621759,-0.1521901488304138,0.1608958601951597,-2.542417104028984,41.66326589532173,6983150,10621823,-4.193723201751709,0.0322715625166892,0.0031466798556684,0.060973300937364,1710757,10621863,-0.0320643998682498,0.0439164601266383,0.004745328661386,0.0193500047322421,6520461,10621823,-0.0035286545753479,0.0409784913063049,-30286.875986629588,856879.8833732179,71202,72198,0.0,0.0
Palau,,,0,6751,,,,,0,6751,,,,,0,6751,,,,,0,6746,,,,,0,6751,,,-30.10805996981534,179.54632302310307,88,128,-7.927831530570984,0.0
Panama,-0.0093932720629119,0.9735161937778182,656441,811449,0.0,0.0012581944465637,-0.0025464495848329,0.0705061108914476,572040,811449,-0.0444335579872131,0.0096043288707732,-0.7878918098712652,47.79290489017753,669904,811458,-0.4963162958621978,0.4428987935185429,0.0022180392398771,0.0359254540755319,223383,811477,-0.0327786196023225,0.0458599776029586,1.5984684808906625e-05,0.4492987583005742,644850,811458,-0.0128756880760192,0.0131533652544021,1210.7955582430873,79742.24264564803,18191,18852,0.0,0.0
Papua New Guinea,0.0169315151821078,0.1840322357742015,4056222,4982991,0.0,0.0287477245554321,-0.0022864135768476,0.0411100926845868,3719433,4982991,-0.0160658836364746,0.0029685020446777,6.676294153028542,183.79729316737573,4297695,4982993,-0.0441201377660035,0.5411347985267638,0.0026019073317951,0.037469601163334,696708,4982901,-0.0511475764214992,0.0584547817707061,-0.0022527498342864,0.231977708498003,4107614,4982993,-0.0185839533805847,0.0072195559740065,-88.3460590799556,3123.3543223055385,110799,114276,0.0,0.0
Paraguay,0.0763488550601063,0.3988684824008995,4225593,4568827,-0.0130270387977361,0.4851410686969755,-0.0082911268230584,0.0597959928655325,3980879,4568827,-0.0664195716381073,0.0292530715465545,0.0924328905877404,1.7222854823905431,4547909,4568815,-0.0077672138810157,0.2150499582290647,-0.0330111452311843,0.3131287008108354,610833,4568815,-0.2843688428401947,0.0742746278643608,-0.0055982526689463,0.0137440607447911,4224373,4568815,-0.0319971442222595,0.0023638606071472,-4036.011949146655,99637.74714947882,43183,43183,0.0,0.0
Peru,0.0199807543945044,0.6627722993975281,13105232,13833762,-9.438582651455352e-07,5.3291634927166077e-08,-0.0012676403128121,0.0835929882709321,11964450,13833762,-0.0001318454742431,0.0034304589033126,-1.0904556668692948,47.10697131544734,12818224,13833834,-0.3895897716283798,0.0758636724203824,-0.0132586405631121,0.1966049643824743,448392,13833901,-0.0169739555567502,0.0051382279489188,0.0003224894893276,0.0138320499868291,12239338,13833834,-0.0034530758857727,0.005470871925354,-736.4871563437661,79418.50626416296,327944,330066,0.0,0.0
Philippines,-0.0378086181526946,1.6140386900085646,2186298,3265919,-0.7455705612897873,0.4253387972712514,-0.0011772557015219,0.0950086721122875,1761676,3265919,-0.075632095336914,0.0593927353620529,4.844412627797722,142.13281018403802,2267157,3265889,-8.988414573669433,10.08497524261474,0.0152870670351231,0.1522361838620224,1170310,3265893,-0.1906647413969039,0.2938312888145447,-4.623615887612029e-05,0.2960512725149156,2187376,3265889,-0.0299029797315597,0.029882475733757,-4699.635405980616,321281.3835395161,65311,70557,0.0,0.0
Pitcairn Islands,,,0,728,,,,,0,728,,,,,0,728,,,,,0,725,,,,,0,728,,,,,0,6,,
Poland,-0.1178962026575295,3.2520543979829126,5047846,5318862,-0.6768938601016998,0.1418334543704986,-0.0021480733667754,0.1118428545552452,4822561,5318862,-0.0449576377868652,0.046671986579895,-0.0148173412989012,0.7405261825241107,5238212,5318818,-0.0345573311671614,0.0038296915241517,0.0347357724921242,0.4463579450169579,2741015,5318818,-0.3113684952259063,0.7808194756507874,0.0011556079869672,0.0387015418890238,4961068,5318818,-0.0048493534326553,0.0145014524459838,12466.058190432052,213797.5596014284,77676,77894,0.0,0.0
Portugal,0.0451005046574401,4.422978958134086,1109193,1260636,-0.1057246148586271,0.6359579324722251,-0.0022106167106303,0.1222953045539587,1010660,1260636,-0.1032058626413345,0.1105576962232588,0.2886343995402592,7.1676456258133765,1142383,1260641,-0.5730713605880737,0.9501875340938564,0.0123097229464621,0.5391887112007658,486861,1260675,-0.4031741321086883,0.3501253724098205,-0.0015932840297769,0.0273798945573892,1100344,1260641,-0.0328553229570388,0.0205661445856094,-34212.466833011626,325116.4635445039,21241,21701,0.0,0.0
Puerto Rico,-0.5901735815044117,2.9486674121187377,67435,101176,-6.321125173568725,0.1163819976150979,0.0212870748959734,0.144403986242374,55004,101176,-0.073899558186531,0.4087768286466598,-3.4495956608396723,29.702009095439504,68360,101175,-16.179237937927244,0.0598239617422223,0.1599731654193938,0.27310719798523,23376,101186,-0.1507117934525013,0.7840449959039688,0.0057943150703233,0.0194362285201424,66733,101175,-0.0051384329795837,0.0323788404464721,108794.83561643836,595237.0547704882,1168,1200,0.0,1825630.8562499995
Qatar,0.027470497140894,0.2453703311337138,100698,136288,0.0,2.984425151453252e-08,-0.0022131954350666,0.1394412863009137,9346,136288,-0.0017003715038299,0.0,-0.0178365165699045,0.0614126148085691,2676,136286,-0.1021677386015653,0.0,,,0,136297,,,0.0066797523378576,0.0127550215244073,2544,136286,0.0,0.0290004342794418,-1846.5706618962436,61715.25448458045,1118,1138,0.0,0.0
Republic of Serbia,-0.0531175962588388,1.497562163547425,1041281,1296086,-0.1474544405937194,0.0736288204789161,0.0003426999076683,0.0836808298360411,974121,1296086,-0.022191047668457,0.0533105134963989,-0.2001493176206006,8.857936386434336,1293049,1296071,-0.9179708123207092,0.0499768555164335,0.0002831928691021,0.1857986165025479,548941,1296083,-0.2285274863243103,0.1781631261110305,0.002067963966274,0.6918286816847125,1071014,1296071,-0.0090216398239135,0.0276487469673156,4141.733558830635,78855.62206542504,20695,20695,0.0,0.0
Republic of the Congo,-0.0255853504569937,0.1913603309092768,3417552,3601842,-0.2883852332830429,0.0,0.0004825036445066,0.035677496301151,3271319,3601842,-0.028832858800888,0.033479630947113,-0.4299192180561257,11.160674147880234,3582917,3601837,-0.5404227018356322,0.0024202277883887,0.0025933356744664,0.0112539165466442,149421,3601850,-0.0019456502050161,0.0113510126248002,0.0018856592246014,0.0119765376021482,3397556,3601837,-0.0033939033746719,0.0183585286140441,46.28291722556359,6674.803310993071,46222,46222,0.0,0.0
Romania,-0.0812590844659459,1.2882976961391803,3331236,3578937,-0.1927966624498367,0.1119743697345256,-0.003030177037832,0.0835957536805701,3164975,3578937,-0.050981655716896,0.0428225994110104,-0.1505847002764407,3.747928826567557,3549404,3578949,-0.7777062445878979,0.0227550276555118,0.0164393713866814,0.1338988669764858,1488936,3578948,-0.0679490230977535,0.2150231190025806,0.0018355328985879,0.0176937058213602,3269711,3578949,-0.0097440183162689,0.0227507650852203,3584.314947879769,79432.45430862624,39524,39795,0.0,0.0
Russia,0.0083278345251961,0.3889012592661121,124265565,147056844,-0.0090965712442993,0.0589898414909839,-0.0010165464565838,0.057583475224269,118248331,147056844,-0.0148418545722961,0.0138020515441894,0.0741935272789195,4.7097614773144905,129440739,147057838,-0.0050315666012465,0.0122778413817285,0.0025225267272374,0.1969767882614422,21388808,380276928,-0.0137971427291631,0.0125189563259482,-0.0005954688305636,0.0185595749607397,121916449,147057838,-0.0088688135147094,0.0045322179794311,-295.29488097700767,100123.85875653393,4476362,4502842,0.0,0.0
Rwanda,0.0690311344351507,0.716312926997112,252023,266330,-0.6816040158271789,1.284356236457824,-0.0083794170229937,0.0842103039356,234613,266330,-0.1289984464645385,0.0664239048957824,6.917212077825285,105.96557648400032,254930,266338,-12.675755548477172,34.777532386779704,0.0292695698751388,0.3555979704082792,146743,266323,-0.3460279524326324,0.6180030226707451,-0.0036518263141504,0.0340512645302949,238726,266338,-0.0637804716825485,0.0264551937580108,8260.604959630911,132680.55350029867,867,6640,0.0,0.0
Saint Barthelemy,,,0,321,,,,,0,321,,,,,0,322,,,,,0,321,,,,,0,322,,,0.0,0.0,2,4,0.0,0.0
Saint Helena,,,0,6125,,,,,0,6125,,,,,0,6128,,,,,0,6123,,,,,0,6128,,,-36.30703209186422,192.1187499330889,29,46,0.0,0.0
Saint Kitts and Nevis,,,0,3210,,,,,0,3210,,,,,0,3211,,,,,0,3203,,,,,0,3211,,,0.0,0.0,25,30,0.0,0.0
Saint Lucia,,,0,6898,,,,,0,6898,,,,,0,6899,,,,,0,6893,,,,,0,6899,,,0.0,0.0,14,26,0.0,0.0
Saint Martin,,,0,785,,,,,0,785,,,,,0,785,,,,,0,781,,,,,0,785,,,,,0,15,,
Saint Pierre and Miquelon,,,0,3962,,,,,0,3962,,,,,0,3965,,,,,0,3969,,,,,0,3965,,,0.0,0.0,29,47,0.0,0.0
Saint Vincent and the Grenadines,,,0,4573,,,,,0,4573,,,,,0,4571,,,,,0,4579,,,,,0,4571,,,0.0,0.0,31,43,0.0,0.0
Samoa,,,0,32004,,,,,0,32004,,,,,0,32006,,,,,0,32006,,,,,0,32006,,,0.0,0.0,437,454,0.0,0.0
San Marino,0.052589234246148,0.3493001581048722,225,892,0.0,0.0004317780956625,0.0089769154787063,0.081193963269337,200,892,-1.1920928955078125e-07,0.0069325387477873,-3.825148197642544,21.75642525693305,342,892,-5.041555213928223,-0.0001344612770481,0.0034610189331902,0.0275204393160483,450,895,0.0,0.0,0.0023235825070163,0.0083694301064228,342,892,7.744431495666504e-05,0.010428175330162,0.0,0.0,4,4,0.0,0.0
Saudi Arabia,0.0080318139961159,0.2229375403432001,20402789,22220600,0.0,0.0,-0.0016038521715494,0.1583035381526222,2647427,22220600,-0.0586776912212371,0.0003945917589589,-0.1108674966520828,11.853625915488484,1968388,22220539,-0.1990791246294974,0.179663236439227,0.5301008448374632,1.6816578045844013,89026,22220493,-0.2262858971953392,3.069648504257202,-0.0004285080291967,0.0153167545371804,1149522,22220539,-0.0158724188804626,0.015659612417221,-240.40476078709176,23290.806423565788,468662,469575,0.0,0.0
Senegal,-0.0180199887530144,0.333175141881658,2011539,2142641,-0.2994845658540725,0.0,0.0030425156947246,0.041421219703862,1893162,2142641,-0.0014613181352615,0.0473210260272025,-0.0036664361110371,0.3632842716349783,2084604,2142636,-0.0149308769963681,0.00122788840672,0.0016033822830069,0.0886149716966606,506565,2142526,-0.0028590500820428,0.0067596797831356,0.000862675459543,0.0067126618830204,1985624,2142636,-0.0012280344963073,0.0084347277879714,-383.6221342472229,5817.678351163072,4231,29995,0.0,0.0
Seychelles,,,0,7175,,,,,0,7175,,,,,0,7176,,,,,0,7172,,,,,0,7176,,,0.0,0.0,43,115,0.0,0.0
Sierra Leone,-0.0130882861302127,0.2390495188230883,702454,774136,-0.3678682208061218,0.2210463568568224,0.0016044531102361,0.0330304727500484,645581,774136,-0.0328244566917419,0.0475204586982727,-0.3906556688383984,24.98124420695637,727530,774144,-1.265754818916319,1.0956294775009134,-0.0004062329931737,0.0123298250382394,257264,774160,-0.0120883188676089,0.0083653938025236,0.000854205639936,0.0745683423867947,697368,774144,-0.0167935073375701,0.0202762842178345,-1242.7574071678096,51739.0663762648,15458,15722,0.0,0.0
Singapore,0.9733225000966892,0.8903850650478193,808,7517,0.0,2.4144034147262574,-0.1276773075724757,0.1071873839274687,172,7517,-0.3214726209640502,-0.0002634733915328,-0.3085206062563004,1.5576750857916126,1240,7516,-2.789350521564484,1.0217770338058465,0.0286116070217556,0.0976310849121521,153,7520,-0.0443947374820709,0.2719187885522846,-0.0093725386739997,0.0083990565614821,1172,7516,-0.0241034716367721,0.0006827503442764,-440304.5801526718,1689301.249964503,131,160,-5767990.0,0.0
Sint Maarten,,,0,425,,,,,0,425,,,,,0,425,,,,,0,425,,,,,0,425,,,,,0,2,,
Slovakia,-0.0618870777233224,2.8514037094508726,741383,777423,-0.111945629119873,0.1598875746130946,-0.003764814990861,0.1064906299122502,710698,777423,-0.0680098749697208,0.0387041807174684,0.0628339967045309,4.5200960405170045,776369,777430,-0.3990207850933074,0.2172703444957733,0.025643136521451,0.2622463269349653,232040,777438,-0.1212733671069145,0.2842336490750297,-0.0004745432755102,0.0181429029765173,735471,777430,-0.0210211873054504,0.0174567997455596,-522.5525981104652,71777.19930980139,2752,2752,0.0,0.0
Slovenia,2.3794834645215235,11.93226593556141,277464,301180,0.0,23.09395523071289,-0.0101185193730161,0.1490562432951125,259283,301180,-0.1414165526628494,0.0551822066307065,2.6715457188069767,50.53312196646002,290690,301188,-0.0225356974638998,4.825827121734619,0.0053494540294885,0.1677174659183601,66433,301176,-0.075208705663681,0.0750879123806953,-0.0096411180199432,0.0891896621206319,279242,301188,-0.0568753689527511,0.0018711477518081,-23304.760991207037,122614.9369392026,2502,2502,0.0,0.0
Solomon Islands,0.0007491596323517,0.0192797418840682,99241,324892,0.0,0.0,0.0005099066203288,0.0241599697993493,51284,324892,0.0,0.0,0.5470776326129174,9.853611914386136,99896,324869,0.0,0.0308806910179555,,,0,324867,,,-0.0024587559932458,0.3780892937279738,98159,324869,-0.0051094055175781,0.0,,,0,5081,,
Somalia,0.0025440474689191,0.2126326957238332,6221359,6719359,-0.0569553196430206,4.07171046390431e-06,0.0023767726563172,0.1189151881163185,5823671,6719359,-0.0022078603506088,0.0301281213760375,0.0023914814953146,2.670982551046732,5789044,6719359,-0.0206467699259519,0.0238907195627687,0.0001860844406662,0.0096329916937407,398776,6719495,-0.00622224714607,0.0060188316274434,-1.4439234237379584e-05,0.0118053343311071,5473871,6719359,-0.0080035626888275,0.0083632171154022,-160.5009455979398,10213.141542881964,198816,200467,0.0,0.0
South Africa,0.1010559232913083,1.391052043688096,14001751,14666667,-2.676329245332454e-06,0.360431507229805,-0.0037815703112827,0.0564334690691433,13478100,14666667,-0.0385181784629821,0.0072078138589858,0.3076912385755745,7.64149972159008,14425999,14666687,-0.0108865788206458,0.4005918502807617,0.0027958383922343,0.0922340678638007,1879474,14666833,-0.0126753067597746,0.0171100148931145,-0.0020096288680312,0.3003259611711498,13920680,14666687,-0.0171320468187332,0.0020192861557006,-17991.28038638105,409172.4678823998,284486,286034,0.0,0.0
South Georgia and the Islands,,,0,78334,,,,,0,78334,,,,,0,76147,,,,,0,78328,,,,,0,76147,,,0.0,0.0,798,963,0.0,0.0
South Korea,3.991476628943194,16.565186878517476,1032602,1323410,-9.281824031859273e-06,33.43244571685788,-0.0285457513400519,0.2374398881556747,950243,1323410,-0.6652096748352051,0.1436450853943814,15.534239484018329,105.1409378048798,1068255,1323411,-1.9541070461273196,86.76040039062453,-0.0352216586408688,1.4203542360942878,494577,1323375,-2.7889546394348144,2.041102695465078,-0.0174160603189141,0.53080086074577,1026295,1323411,-0.1114863455295562,0.0145125865936279,-105012.0915114873,1975571.3823649532,20675,21466,-56110.05703125,0.0
South Sudan,-0.0462119421732985,0.1910963206457241,6091027,6668905,-0.4198585271835327,0.0518853396177293,0.0064635686657755,0.0334472751614675,5687109,6668905,-0.0101144909858703,0.0520757794380187,-0.0443791262063815,3.166902965364567,6664869,6668885,-0.0344791069626808,0.0020239455159753,-0.0001447522048879,0.0061647367846467,287788,6668863,-0.0073784617241472,0.0061695097247138,0.001626203361482,0.0062414440586822,5994971,6668885,-0.0027627944946289,0.0122113525867462,-219.1775744826574,13964.995877153557,102205,102205,0.0,0.0
Spain,0.2181131084516542,4.002384588184659,6408911,6964936,-0.0224811751395463,0.3872209042310714,-0.0006636283494478,0.1071098183362303,6131743,6964936,-0.03233248218894,0.0306740701198572,0.100907401056319,11.978014653169534,6624703,6964922,-0.3626507371664044,0.3570172667503343,0.0124971670233436,0.1359650214992406,2559973,6964995,-0.0569233186542987,0.1509238451719284,-0.0002168999648489,0.0343975577594366,6380224,6964922,-0.0166091918945312,0.0152410268783569,-5481.8798806047,216863.0456509702,124293,125603,0.0,0.0
Spratly Islands,,,0,150,,,,,0,150,,,,,0,149,,,,,0,147,,,,,0,149,,,,,0,3,,
Sri Lanka,0.1910773197183421,4.679644570548367,611238,709566,-0.407591252028942,4.326730418205262,-0.0057459879895148,0.1355746584107864,542444,709566,-0.1149823397397995,0.077187332510948,0.6152966883117916,32.853608519792125,628471,709583,-0.4411267191171646,1.6678164601325989,0.0032552173233575,0.2983444532510776,291936,709541,-0.2471783757209777,0.2087225392460823,-0.0035773694370385,0.0700497609517903,598338,709583,-0.0309842973947525,0.0113471508026123,5205.296488508458,266671.2661363335,14837,15169,0.0,0.0
Sudan,0.0029883546491944,0.1722804591350445,19323111,20529963,-0.0181090869009494,0.0011747476528398,0.005469665292743,0.1469458947948161,9395901,20529963,-0.0349419116973876,0.0587890744209289,0.0452684757876473,3.6394534116725854,9189297,20529999,-0.0297462657094001,0.0538655526936053,0.0005560596021741,0.0051430775305876,2842492,20530075,-0.0027258603135123,0.0093406160827726,-0.0003514313549815,0.0183598783046914,8588715,20529999,-0.0115541815757751,0.0096440494060516,-745.5660323013481,183900.98242216435,284694,285341,0.0,0.0
Suriname,0.0133745168203305,0.3647513243301123,1471664,1546290,0.0,0.0,-0.0022974041654406,0.0461410823613823,1404441,1546290,0.0,0.0,0.0012634659383572,0.0803598296980064,1513578,1546280,0.0,1.142647565757215e-05,-0.0052243192878632,0.0159671470167586,8161,1546312,-0.0257301740348339,0.0066259712912142,-0.0002332279007543,0.0017839722720883,1448812,1546280,-0.000394669175148,0.0,-2.733485760207149,254.20317941528648,18296,18331,0.0,0.0
Sweden,1.5541132040868928,7.9193367918009345,1210504,2884347,0.0,10.83882722854585,-0.0173833265284177,0.1446673537020793,1056681,2884347,-0.1301827579736709,0.0138283371925354,0.0306219775940889,0.4935234963426702,1218607,2884356,-2.580058776402436e-07,0.0648630812764167,0.0679516659225761,0.6108480360810232,433975,10301813,-0.0084155201911926,0.9569838404655456,-0.0049988856040378,0.1422336619088086,1111764,2884356,-0.0290053039789199,6.794929504394531e-06,-8550.988240710161,84278.68830115335,99921,101755,0.0,0.0
Switzerland,-0.216084584146057,5.741210917763701,591632,629721,-0.0332266952842473,1.1392487287521362,-0.0057370926233885,0.1146664978099802,554331,629721,-0.0947899669408798,0.032892495393753,2.882483308061557,54.46769482565772,596845,629700,-1.0871935129165649,13.0383882522583,0.1777512541996397,1.1679518485104514,98818,629654,-0.1533428326249122,2.2711859822273235,-0.0057470864935514,0.0268798328471498,562181,629700,-0.0424479842185974,0.011334478855133,-7292.966537112523,327185.5438268821,10549,10651,0.0,0.0
Syria,0.0038240264875659,1.3380328219371955,2150056,2393335,-0.0002319862032891,0.0784223359078168,0.0001974570420288,0.1645233341632269,967971,2393335,-0.0872068405151367,0.1357661783695221,-0.2281316273860275,13.585623573609842,1483428,2393377,-0.0914922729134559,0.0134459146764128,0.0508138371505379,0.2598291194768261,308188,2393337,-0.1998163633048534,0.541933235526084,0.0011499760380555,0.0091039696763096,1257968,2393377,-0.0036366313695907,0.0115637779235839,823.3097687433133,103190.51920830652,24302,24305,0.0,0.0
SÃ£o TomÃ© and Principe,0.0,0.0,1334,11325,0.0,0.0,,,0,11325,,,0.8091184893545766,5.021390356821575,1423,11324,7.959199251672666e-07,2.71623020172118,,,0,11340,,,-0.0039361910631427,0.0132303141549905,1416,11324,-0.0303462892770767,-1.0088086128234863e-05,-1738.0054290254238,17812.7604403033,118,120,0.0,0.0
Taiwan,0.0098967475989292,0.1078642255710457,249446,424776,0.0,1.308081010620299e-06,-0.0039297867238804,0.0290090028313931,232985,424776,-0.0289072394371032,0.0,14.827740698954694,202.4522438340446,367835,424779,-1.879923105239868,13.19979772567747,0.1754670933647205,2.4679180694281384,94412,424793,-4.128665685653687,4.532627987861633,-0.0056347144450917,0.2157281150936733,356528,424779,-0.0462686419486999,0.0141622602939605,-56592.615729832825,1007773.0193671044,8913,9411,0.0,0.0
Tajikistan,-0.0120281666433742,0.8861955507973388,1799581,1902977,-0.0041552395559847,0.0145136751234531,0.0017246661092479,0.1058114792188488,1656641,1902977,-0.0137616991996765,0.0233637690544128,-0.0066046871442244,71.2595061314808,1295585,1902976,-1.5340612173080443,0.9081358909606938,0.022867788125485,0.2515106319665141,306692,1902944,-0.0304696072824299,0.2595893144607544,0.0009027437814721,0.0109076774301361,1214963,1902976,-0.006148624420166,0.0119112312793731,-1640.1448527996922,50548.33763516276,25985,25985,0.0,0.0
Thailand,0.0613300932115145,1.7032186067353343,5196461,5624573,-0.0632266104221344,0.1814883798360824,-0.0024147590921654,0.0769175158823395,4880658,5624573,-0.0232409253716468,0.0157239615917205,0.2583863723700643,26.117522249873858,5412680,5624565,-0.5722739785909653,0.597085434198379,0.0042303553197026,0.0438388451229943,1747976,5624587,-0.0255495789460837,0.0513607570901513,-0.0004141814621908,0.0392049337915318,5106369,5624565,-0.0130463004112243,0.011213994026184,-7141.786114977074,420126.0926095129,117119,118344,0.0,0.0
The Bahamas,0.0116228687775155,0.1816189173237848,43924,169946,0.0,0.0,0.0144974043974117,0.1400968018916794,22749,169946,-0.0003745317459106,0.0008471965789794,-0.0005718757646888,0.0174455693826222,37506,169940,-2.5747684958332684e-05,0.0001566885621286,,,0,169888,,,-2.075465923593068e-07,0.0014627787058948,31957,169940,-0.0009256482124328,0.000209903717041,-333.0796703296703,8044.584100096839,2457,3389,0.0,0.0
Togo,-0.1212081089584439,0.3286033315304483,584030,606343,-0.7430597096681595,0.1110256522893902,0.0113390622995217,0.0440862678902887,565055,606343,-0.0450551807880401,0.0809542834758758,-2.1245330229561765,41.07947334396539,602278,606325,-3.0023036479949945,0.605583477020264,0.0010913307142527,0.0091199496216088,248605,606358,-0.0079070065170526,0.0135198248550295,0.0063059018256117,0.0218533770329407,580730,606325,-0.014414820075035,0.0373922049999237,-233.98384549109707,31112.98241162134,13928,13928,0.0,0.0
Tonga,,,0,9886,,,,,0,9886,,,,,0,9892,,,,,0,9910,,,,,0,9892,,,0.0,0.0,76,123,0.0,0.0
Trinidad and Tobago,0.0047878872875315,0.1173954200722685,26543,56412,0.0,0.0642841532826421,-0.0024557519516701,0.0173199658907083,20137,56412,-0.0329480767250061,0.0124877095222473,0.0352090284411832,7.247958619440077,32156,56412,-0.1391362994909286,0.3936973512172699,0.0434396884252367,0.3207776487051928,11378,56412,-0.4289184376597404,0.6930733323097229,-0.0015447797467318,0.0192328144578022,31464,56412,-0.0165719866752624,0.0052141845226287,-14784.955495004542,149154.32322538478,1101,1224,0.0,0.0
Tunisia,0.3192664110958494,2.9755979602786438,1611882,1968494,-1.972139089048141e-05,0.3865849196910856,-0.0043398594278584,0.179717183970411,673970,1968494,-0.2794136941432953,0.2720353543758366,-0.0721158388034475,3.655200442557125,836896,1968522,-0.0618400564417243,0.2086618319153785,0.1775495386032564,0.5699851974246704,169079,1968556,-0.1591037273406982,1.3221793055534372,-0.0002660486921342,0.0100393777209771,765799,1968522,-0.0076694667339324,0.0053696990013122,-2013.524174693725,55615.68548676463,42772,43185,0.0,0.0
Turkey,0.2299028985102218,3.7642209426421935,9625393,10556465,-0.0889355912804603,0.539758145809174,0.001512662300511,0.1010130940248499,9072994,10556465,-0.038844209909439,0.0624149054288863,-0.3248606109052406,17.29415738067072,9905366,10556454,-1.922311246395111,0.3199869990348816,0.0184414860450466,0.2449136817016143,4067158,10556504,-0.1781466647982597,0.3277840703725814,0.0018530082019309,0.1939143199939569,9507060,10556454,-0.0146846771240234,0.0298602670431135,-3474.427977400668,230402.028344069,195758,197774,0.0,0.0
Turkmenistan,0.0236035164623167,0.3875341305090298,5831500,6626332,-1.5091375644260546e-06,9.82393725479322e-08,0.0025066155107524,0.1305967235549009,2361785,6626332,-0.0044345378875732,0.0046247005462644,-0.0709879537533028,2.1771769566679136,3937492,6626214,-0.0239271763712167,0.0001029841911076,0.0088723222856435,0.1046883785216535,257964,6626203,-0.0235245639458298,0.0435268964618444,0.0007493824266795,0.0054138643883852,3667489,6626214,-0.0001881718635559,0.0055789351463317,-156.5940419261566,19449.174179753696,71936,74899,0.0,0.0
Turks and Caicos Islands,0.0063042943801932,0.0498185811506246,1463,12162,0.0,0.0,0.0006359052939677,0.0041817039648097,254,12162,0.0,0.0,0.0004942863452725,0.0173137480310994,615,12159,-8.843895926702318e-08,0.0079689547419548,,,0,12164,,,-0.000717266552472,0.0019451810035837,602,12159,-0.0050321996212005,2.8124451637267648e-05,5.505345231395657,41.92746009612272,59,233,0.0,0.0
Tuvalu,,,0,616,,,,,0,616,,,,,0,621,,,,,0,615,,,,,0,621,,,0.0,0.0,3,8,0.0,0.0
Uganda,-0.0487875308682111,0.3138793112694456,2291597,2543447,-0.6290123343467713,0.0,0.0036368510365461,0.033074702213232,2038573,2543447,-0.0195328474044799,0.0598432779312133,0.5258175055600754,29.45546295988172,2178028,2543431,-0.311004477739334,0.0848751910030835,0.0028373125406105,0.0467157314295778,681781,2543317,-0.0024407003074884,0.0170618277043104,0.0011260704153692,0.013068820997683,2074994,2543431,-0.0031780242919921,0.0163156807422637,-6922.52374986729,135433.15018772372,47095,53712,0.0,0.0
Ukraine,-0.0918617409441925,0.8362738037879919,8894817,9592838,-0.6944858074188215,0.0711925894021971,-0.0015052027704714,0.0651774410565642,8388031,9592838,-0.038850262761116,0.0456618964672088,-0.0400606823962073,1.1097023340912329,9283170,9592817,-0.1175776466727256,0.0002158731163945,0.0126525506314052,0.1689653950863757,3811419,9592866,-0.062836105376482,0.0970750458538532,0.0031549631607388,0.0119854562716878,8733159,9592817,-0.0008360207080841,0.0204691410064696,1264.3328637611282,76392.10203552316,137714,140177,0.0,0.0
United Arab Emirates,0.0537644565607627,0.3694324673800776,669884,823182,0.0,0.0006382127234246,-0.0378599846870923,0.2388608242182118,66687,823182,-0.6248188197612763,0.3293643951416014,-0.5830738996047196,4.760432514627047,33647,823165,-1.604667043685913,0.0014423749176785,1.180784746962216,1.2695699833619376,2114,823144,0.0,3.9524354577064496,0.0103301562906213,0.0178058424032521,31974,823165,-0.0007503628730773,0.0529880970716476,-2397.6693380173456,53523.26654833941,18218,18461,0.0,0.0
United Kingdom,-0.1252607401762883,4.417417963620923,3460581,4383382,-0.1775407940149307,0.2137466818094253,-0.0003731818824651,0.10772205595997,3154976,4383382,-0.0302115678787231,0.0302404463291168,0.1132473808184206,7.0755605152291245,3558268,4383412,-0.0529721565544605,0.0419867113232612,0.111386042641832,1.1468849721030685,1059863,4416847,-0.8333212852478026,2.180798196792602,4.8271950816035605e-05,0.0704345752047967,3415543,4383412,-0.0070866346359252,0.0078487932682037,-33803.31811252135,694212.6950050952,54443,56433,0.0,0.0
United Republic of Tanzania,0.0098795874093151,0.3016205184640067,9392420,9975965,-0.2993719965219497,0.3309246703982344,-0.0029428186240887,0.044204893750958,8601790,9975965,-0.0658673375844955,0.0444615215063095,-0.3578611462079243,29.18495337260471,9260100,9975876,-0.8630470305681228,0.8112802118062955,0.0001882765837632,0.0121367916263979,1891434,9976002,-0.0030311393900774,0.003946338314563,-0.000315850706351,0.0221897107105406,8866758,9975876,-0.0223080694675445,0.0196693539619445,-910.1020184482876,74121.32592153312,206198,208948,0.0,0.0
United States Minor Outlying Islands,,,0,646,,,,,0,646,,,,,0,650,,,,,0,651,,,,,0,650,,,,,0,7,,
United States Virgin Islands,,,0,4501,,,,,0,4501,,,,,0,4503,,,,,0,4514,,,,,0,4503,,,1529.4942708333333,8791.20003424758,30,57,0.0,0.0
United States of America,0.0244657453224435,1.806227353524178,102102990,113753328,-0.0028935103560797,0.075523242354393,-0.0019384059239036,0.0656722582350459,95721340,113753328,-0.0167715549468994,0.0120009183883667,0.0874054222159667,8.29172992668241,103631763,113753491,-0.0094877751544117,0.0557929817587135,0.0144439674799984,0.8478913793475075,18789544,145219684,-0.0299017230980098,0.0428436808288097,-0.0008854492508286,0.046665899383939,98610024,113753491,-0.0086258053779602,0.0026368498802185,-11542.91676333525,254656.9125070804,2143923,2168210,0.0,0.0
Uruguay,-0.0406675039428295,0.6571022430992896,2082895,2221154,-0.2239780575037001,0.0,0.0014703549335126,0.0539152682111752,1971577,2221154,-0.0139375448226928,0.0327146172523497,-0.0559785132866162,0.646668183146289,2148252,2221173,-0.1473467700183391,0.0003588479885365,0.0012904038782678,0.0303794160701502,390665,2221163,0.0,0.0033423986751586,0.0020098155983008,0.0152658855446811,2049571,2221173,-0.0002161264419555,0.0139271616935729,209.1454994758125,45712.05701295006,40062,40279,0.0,0.0
Uzbekistan,-0.1210752088005261,4.06017749956673,5552668,6281996,-0.0001168437695014,0.0995892658829689,0.0041849970426208,0.1642568166580079,2772514,6281996,-0.0921604812145233,0.0899527072906494,-0.0820878906876197,18.50271308329744,4210685,6281972,-0.1962590962648391,0.0041481508873402,0.0031918153439647,0.0639728242213721,609204,6281977,-0.0418945327401161,0.0626701228320597,0.00141697908054,0.009865082584332,3901717,6281972,-0.0021725296974182,0.0125154852867126,-812.0995623632385,50515.32986276248,65808,65813,0.0,0.0
Vanuatu,-0.00219335971644,0.0362538628568351,22166,148551,0.0,0.0,0.0040573602580742,0.041452393617954,10848,148551,0.0,7.501840591428964e-05,-60.79363567774465,344.555834538624,27171,148549,-300.31288146972656,0.0,,,0,148533,,,0.0165472936125621,0.0426665050174492,26836,148549,0.0,0.1285718232393264,31.392488016776515,500.2836954624429,1669,2241,0.0,20.92859458923336
Vatican,0.0,0.0,9,9,0.0,0.0,-0.0386896696355607,0.1094303852900664,9,9,-0.2089237511157989,0.0,0.0014520325801438,0.0018561756053003,9,9,0.0,0.0042680677957832,,,0,8,,,-0.0001491241984897,0.0001752146140787,9,9,-0.0003939867019653,0.0,0.0,0.0,1,1,0.0,0.0
Venezuela,-0.004301705389392,1.1154761811252822,9007426,9707904,0.0,6.326436263748293e-08,-0.000807811208124,0.0595452112429479,8523216,9707904,-0.0015104115009307,0.000533640384674,0.1078766119889935,18.322160527431897,9394450,9707824,-0.0090320619288831,0.024347189348191,0.0040205603577256,0.2659475483312364,1161295,9707853,-0.001997887622565,0.0017664094921201,-0.000223534243191,0.0207000095899814,8904327,9707824,-0.0044362366199493,0.0021358728408813,-518.3642514747505,25036.306368085392,209866,211752,0.0,0.0
Vietnam,0.5244944947428871,5.566547998481108,3244081,3642918,-0.2204691767692566,3.415212392807007,-0.0122230073015069,0.1397098784348562,3052726,3642918,-0.1592171490192413,0.0745887011289596,7.128401131965077,130.58917998796346,3370422,3642922,-2.5931674122810358,21.042596626281732,-0.0014933267005484,0.080406740098168,1230331,3642825,-0.0736596435308456,0.0645804516971111,-0.0060500789107495,0.0475832963850324,3196689,3642922,-0.058159601688385,0.0156609773635864,-1534.177789026688,243784.0067951069,71118,72793,0.0,0.0
Wallis and Futuna,,,0,2487,,,,,0,2487,,,,,0,2488,,,,,0,2487,,,,,0,2488,,,0.0,0.0,2,19,0.0,0.0
Yemen,0.0184840412479492,0.3682479359486841,4508212,4958809,0.0,0.0,0.0007091252949243,0.1180507450126769,1727800,4958809,-0.0079476982355117,0.0009710788726806,-0.5479006418694148,20.095938841930792,2089210,4958798,-0.541803753376007,0.1949688158929337,0.031510234935179,0.1392285361834891,103622,4958821,-0.0125093766488134,0.2399464890360831,0.0001399068811314,0.0091573846982564,2035500,4958798,-0.0047286182641983,0.0066635638475417,-873.6175843893686,36157.339882173954,71336,71964,0.0,0.0
Zambia,0.0604667881864627,0.5218604396435458,7721650,8132758,-0.0711086608469486,0.306523036956787,-0.001873054000986,0.0433273519034539,7369046,8132758,-0.0405240207910537,0.023677259683609,0.1015841739979898,2.723928022764644,7974345,8132783,-0.0079989451915025,0.0804630786180493,3.899358644026904e-05,0.0023446722031467,916720,8132815,-0.0004824166593607,0.0007181523018516,-0.0014743590660632,0.0118512620632476,7569006,8132783,-0.0106638073921203,0.0041015148162841,-4416.724439584473,87189.76212838254,117056,117056,0.0,0.0
Zimbabwe,0.0632880348869674,1.3016288568867005,4058077,4342015,-0.5459260702133178,1.1661638736724775,0.0038045090367025,0.0784011813542489,3919267,4342015,-0.07301806807518,0.0849681556224822,0.1572263978250578,15.137173058435872,4311287,4342019,-0.6006399095058441,1.2106387019157383,0.0001141397875357,0.0027469228857243,1209584,4342072,-0.0010516022855881,0.0024822654901072,-0.0002032777791281,0.0176628408184874,4158481,4342019,-0.0252114534378051,0.0202353596687316,-2502.345368255665,68321.09921141766,61737,61737,0.0,0.0
eSwatini,0.4184674843716101,1.146591595662387,198197,204095,-5.598807206297351e-07,2.726983261108393,-0.0295057994481205,0.1001972648980202,192422,204095,-0.2219439089298248,0.0731403023004529,4.633195177322371,40.72155822977132,203725,204074,-0.0480008795857429,21.24178504943844,-0.0001634753346614,0.0054461485722426,66121,204041,-0.0058876448310911,0.0057365526445209,-0.0167923187512515,0.0343603113556236,197263,204074,-0.0926839232444763,0.001763105392456,-1544.4460784313726,4702.692051691262,153,153,-13614.20625,0.0
