grouping,unit,mean_N_export,mean_N_Ret_Ratio,mean_Sed_export,mean_Pollination,mean_Sed_Ret_Ratio,mean_Nature_Access,se_N_export,se_N_Ret_Ratio,se_Sed_export,se_Pollination,se_Sed_Ret_Ratio,se_Nature_Access
biome_merged,Boreal Forests/Taiga,0.0028209653014331,-0.0019880549686922,0.0390776526463173,0.0046472575925062,-6.006592552633e-4,-260.6052046107864,2.4406449198197854e-5,6.844534247524638e-6,2.475757730638374e-4,2.2192428972626072e-4,5.857659460506556e-6,12.885470815367256
biome_merged,Deserts & Xeric Shrublands,0.0212786625111752,0.0038762777624761,-0.2370887822111949,0.0214774591810342,0.001322482511354,-2241.4809726489534,5.182104874646102e-5,9.996894466730056e-6,0.0010994646504520152,1.366243907285928e-4,1.3479808700409031e-6,69.33604780182179
biome_merged,Flooded Grasslands & Savannas,0.0720582027979692,-0.0017520976306242,-0.0090559206455514,0.0436404177580582,-2.234715449452e-4,-5092.020845109684,7.462911195353835e-4,3.5774458070721796e-5,0.001321638931019601,3.0316744153278274e-4,1.0079822689944761e-5,632.3911611317952
biome_merged,Lakes,0.0013738230410163,0.0077451282076091,0.0442506947645171,-0.0038968602515088,-0.0014821414990956,-2649.077803287052,5.48251999344526e-5,1.4268853022738953e-4,0.005014832937161256,0.001027595694460847,2.2051244807598244e-5,338.0637468614915
biome_merged,Mangroves,-0.0301444799558294,-0.0028149079514332,-0.0195202627579745,0.0105740467410652,1.532436351206e-4,-4944.968338470159,0.0017753221899173479,1.2514358115067576e-4,0.004309645942383878,1.8949631503257974e-4,1.0090732683511888e-4,1301.2006581479322
biome_merged,"Mediterranean Forests, Woodlands & Scrub",0.175045813703617,-4.547837453486606e-5,-0.1606949816955844,0.0294218384889284,3.095674063345e-4,-3279.1338261314527,5.508655214024722e-4,1.9972961945500687e-5,0.002409969164397535,1.7741402181357108e-4,1.1150146212213137e-5,233.8747138168195
biome_merged,Montane Grasslands & Shrublands,0.0473036006133945,3.745187856764e-4,-0.3598849302000604,0.0034606859073439,3.391778387161e-4,-4452.071176384711,2.7720875296858704e-4,1.649388306265285e-5,0.004938552143101649,5.808331790260222e-5,2.1993249350999966e-5,203.77144030531102
biome_merged,Rock & Ice,-0.0019710088598225,-0.0020871003813381,1.2286391453681358,1.6471554615554053e-5,-7.738094958814e-4,-0.3314625016055459,6.937891350976242e-5,6.75177668423553e-5,0.06456830992826017,1.2927478747004457e-4,9.590370509793217e-6,0.22844937658235281
biome_merged,Temperate Broadleaf & Mixed Forests,0.0367284832443912,-0.0042862987514615,0.1586134870380936,0.0314779265846873,-4.609606928195e-4,-7844.923084702588,3.806124792040212e-4,8.257739107803635e-6,0.0016721940885954252,7.028105757844571e-5,7.741330104583909e-6,204.09623250620166
biome_merged,Temperate Conifer Forests,0.0380237385243986,-9.139352314416e-4,0.1388347201627862,0.0215099691482564,-0.001046416730334,-4482.4075163201705,2.1078083348422295e-4,1.0657478207839743e-5,0.0035704360735878374,2.3838218632349953e-4,1.7520525383310524e-5,193.54478852382687
biome_merged,"Temperate Grasslands, Savannas & Shrublands",0.0477117552548234,0.0013521780742062,-0.0099141143000394,0.0085015425156572,-3.206496836230135e-5,-1836.9275640659748,1.5299491800771723e-4,6.79113331927981e-6,6.389464441476426e-4,7.901161700329522e-5,1.4136970724860572e-6,70.46950689088698
biome_merged,Tropical & Subtropical Coniferous Forests,0.132376489893302,-3.926956472919e-4,0.4504854278652596,0.01987529711775,-0.0015251500451067,-6449.885042312342,9.308830086325582e-4,2.9822891438995415e-5,0.023594589568186587,3.8781078530879574e-4,8.774077446273369e-6,1135.1357608664475
biome_merged,Tropical & Subtropical Dry Broadleaf Forests,0.0384123608119376,-0.0027598331568604,0.1138864549299844,0.0045517051160437,-0.0010828178524684,-2062.7243348954794,3.901152954918075e-4,1.5077816644577174e-5,0.0054404173973538654,7.851354063164827e-5,1.3887013145807321e-5,187.34039607029547
biome_merged,"Tropical & Subtropical Grasslands, Savannas & Shrublands",0.0112197485993212,8.226373134e-4,0.0265483706994164,0.0021904849008399,-4.710517062478e-4,-2021.379354227988,4.502014812703489e-5,5.679244000019922e-6,6.756572765799734e-4,2.4605407924583468e-5,1.0836675657722845e-6,52.2686737888584
biome_merged,Tropical & Subtropical Moist Broadleaf Forests,0.0925979176450968,-0.0036590621031956,0.5593217289052794,0.0080267655758175,-0.0015995156600565,-1400.3253328618018,1.936791614057079e-4,6.249223911662566e-6,0.0038715108514107924,7.625866517052635e-5,6.1675301084319345e-6,92.8493214195012
biome_merged,Tundra,-1.079457730787e-4,-0.0032604741809256,0.4197528825256382,-0.0054825260646824,-0.002294934036418,-2.0947192737838,3.601940234996378e-5,2.6159933693958983e-5,0.01112683189686969,0.0061591207636771264,1.8273505503122715e-5,0.5663456992402848
country_merged,Afghanistan,0.0259573882644996,-0.0016481494473345,-0.0873779351596344,0.0627909681322936,4.805783489557e-4,-8408.345267470553,1.2720663801166248e-4,5.43491496276034e-5,0.0057392208728029625,0.0027715078533005785,4.188733768522108e-6,1517.6243027403707
country_merged,Albania,-0.3326730582502943,0.0098175451473173,-8.103195354288527,-3.137119345074e-4,0.009560517083486,7402.555498458376,0.0037388772630717513,1.7145805882778887e-4,0.12865470746786528,6.510844455241044e-5,4.959504527727637e-5,1099.6646442917086
country_merged,Algeria,0.0978717977607862,-0.0022810601584042,-0.1951079411343727,0.1121367137305497,4.728724136052e-4,-0.0630729999438287,3.962632006105129e-4,9.686101768913372e-5,0.002520495688093652,0.0016825094264285153,1.4512237720411485e-5,0.08264478316660462
country_merged,Andorra,0.0821701608203062,-0.0012639798911026,2.674186999843088,NA,-0.0053938273988081,NA,0.005062836094771274,3.912806516733175e-4,0.6182713437988916,NA,2.122230978150153e-4,NA
country_merged,Angola,0.004086194475775,-7.658600441888e-4,0.2603432350111186,8.422005804422302e-5,-8.489109075951e-4,-2378.6106307686696,6.973965195211877e-5,1.1288804689753027e-5,0.0028986989472561888,1.3855700978595493e-6,3.745137725071104e-6,310.29731023662924
country_merged,Argentina,0.0485654573874938,-0.0028307069600559,0.0065311758669805,8.692045705029e-4,-0.0016083487333912,-814.6183099897969,7.660074049649152e-5,1.358300106633052e-5,0.002615853362871026,1.6036468698694297e-4,3.743753488668178e-6,161.08418218131672
country_merged,Armenia,0.0406083648673637,-0.0031221543746951,0.0138802957516381,0.0100723688806478,-1.607570865504e-4,-1776.9126266280753,0.0010078907582384187,1.1475454705778718e-4,0.023214210183431363,2.5905459060745567e-4,3.7623776495702e-5,877.1854709257861
country_merged,Aruba,NA,NA,NA,NA,NA,-24534.441964285717,NA,NA,NA,NA,NA,12555.90114066529
country_merged,Australia,0.0239733784959775,0.0014340830514584,0.0042676111872933,0.0024813267870439,5.893397784291e-4,-713.5565732208303,6.277526434512845e-5,8.814386984543669e-6,1.7592534380006877e-4,9.227234954939933e-5,1.6276999815222696e-6,39.54244118679518
country_merged,Austria,0.2172738463200126,-0.0076591222259103,1.1292438041639734,0.0293926254470561,-0.0060395570968155,-4212.666789736017,0.005557333649794664,1.0827907792205135e-4,0.01809531805369207,0.0010111761404535237,1.8213996581828928e-5,1677.4010124071583
country_merged,Azerbaijan,0.0059752232066379,0.003968773527112,0.0626758721073429,5.372861791815e-4,0.0011356604196525,-4338.929740333489,4.1100674674536964e-4,8.268803879796645e-5,0.01186978989440471,6.938333833996109e-5,1.581824628986315e-5,821.2530729918509
country_merged,Bahrain,NA,NA,NA,0.2302067798116932,NA,NA,NA,NA,NA,0.03443562853072062,NA,NA
country_merged,Bangladesh,0.0409407056444818,-0.0013945962723484,-0.0260167204192332,0.0097771019187614,1.835961064525e-4,200.66427315794175,0.003514845991516368,8.858224684274378e-5,0.0016358644765241518,1.4908659460053617e-4,6.502868471227747e-6,2048.844496016733
country_merged,Barbados,NA,NA,NA,NA,NA,-13014.400297619048,NA,NA,NA,NA,NA,12700.754215714194
country_merged,Belarus,0.0319507118744144,-0.0024940530385997,-0.0030985927424405,0.0067810834944516,0.0010782952472016,4911.388282754195,0.0011751532714259787,6.011474127295813e-5,4.5294117161062424e-5,2.3870818758477553e-4,8.613571456408752e-6,735.7523240744652
country_merged,Belgium,-0.9955750612738632,-0.0060093982453149,-0.0066649543845675,0.0569917443093289,3.740184531547e-4,-4931.501246882793,0.011439842245196272,2.3591328929787057e-4,0.0011795188485218759,8.753675666481153e-4,1.6174258980168648e-5,4393.719344858733
country_merged,Belize,0.1459258773886645,-0.0159953074661057,0.1926949264909128,3.864650755248e-4,-0.0033112181925989,260.8933390198511,0.0024646487180234986,2.0057964165200732e-4,0.005692271448384416,2.2651533678229332e-4,5.1616946117272914e-5,126.14238350781085
country_merged,Benin,-0.0463407084035434,0.0138936821747218,-0.0318585242237832,0.001816137383307,0.003162434526542,-4460.780414538901,8.77281735832376e-4,5.907479265488318e-5,0.0018115455829164587,2.771828465893057e-5,8.283784632993198e-5,1994.9627058832252
country_merged,Bhutan,-0.0280238616018159,5.333600237466e-4,-4.81466231014405,2.872499998711e-4,0.0031349080974774,-16.603090285055544,0.0010212202867442867,3.328336731021358e-5,0.139333707465582,4.195975361664977e-4,2.2374098014986975e-5,13.469027393737369
country_merged,Bolivia,0.0163030475243233,-0.0034853161417192,-0.1747687752446422,-0.0073407622390997,-0.0024978961524692,-3200.7826719581813,5.124875533416717e-5,2.5906359292732297e-5,0.008716915284743658,7.254642936316855e-5,4.279304307524902e-6,148.08651886795678
country_merged,"Bonaire, Sint Eustatius and Saba",NA,NA,NA,NA,NA,-1068.231919642857,NA,NA,NA,NA,NA,733.4550609078922
country_merged,Bosnia and Herzegovina,0.3758471884134958,-0.0107890230238947,0.8043228257302497,0.0188690249157557,-0.0071778136430045,-373.653960312076,0.0024122496144270778,1.2529727396490454e-4,0.03854390649209015,3.0425067006505834e-4,3.831723422456791e-4,656.5241433153578
country_merged,Botswana,-0.0259110426310164,0.004516990398316,-0.0015133971889499,-4.172568139077328e-6,4.787856401097e-4,-2492.906183870209,4.325243283307856e-5,1.5351856621272396e-5,7.896778329789175e-5,1.698838882395385e-6,1.6500061683983291e-6,313.9717452793059
country_merged,Brazil,0.0327037786714297,-0.0030870803637637,-0.0484274914171182,0.0012257186695305,-0.0016197667439003,-815.3794147335534,1.0492144579841792e-4,7.94234711940495e-6,0.0011258294736620732,1.616631941970397e-5,3.901176025722658e-6,131.01662545092884
country_merged,British Virgin Islands,NA,NA,NA,NA,NA,-1673.0926513671875,NA,NA,NA,NA,NA,1619.9649876606345
country_merged,Brunei,-0.0158874153414473,-0.0033217835199265,-0.1035711119275843,0.0010060175731711,7.467728264247e-4,1925.4476785714285,0.0017311401047652416,3.8940042528605353e-4,0.017434501724384016,9.201503230071842e-5,4.57607744150218e-5,1910.2232324104905
country_merged,Bulgaria,-0.1137019796269767,0.0020786786064511,-0.1951814120158779,3.766321914374e-4,0.003182794468936,1255.7244077374485,0.0014712224233754101,7.582562011501786e-5,0.005461525104431989,6.0313327788068203e-05,1.3932391400358584e-5,197.32554497710746
country_merged,Burkina Faso,0.0308123755468204,-0.0014222468276772,0.1234262800296287,8.914556173939e-4,-0.0019645254889501,-1710.1711949042583,1.7421936713867412e-4,2.8907215198183952e-5,8.966989571774132e-4,5.020987857963507e-6,7.241081562029202e-6,269.6564508510275
country_merged,Burundi,-0.0143121251645956,-6.49845907829e-4,2.642924174529642,0.0010072629781968,-0.0017126769868827,-2846.904931210388,0.0010668232440166196,1.2262627389353128e-4,0.15273436382695232,1.3164723373750232e-4,5.9166506917462544e-5,3695.8851678051515
country_merged,Cabo Verde,NA,NA,NA,NA,NA,88.37627472864146,NA,NA,NA,NA,NA,88.22640377493543
country_merged,Cambodia,0.0953784640035711,-0.0085528586528492,1.1169642468792136,4.591321508832e-4,-0.0066106192574487,-3667.389104773077,4.927411605327524e-4,4.371632650758743e-5,0.012182334165202417,1.5449496973244503e-5,4.7931612995753915e-05,225.03043587433288
country_merged,Cameroon,0.0092653595720495,-9.438170527963054e-5,0.5496006354235723,0.0024404685648717,-7.068779372628e-4,-452.97126251210847,1.02996301132796e-4,1.3857634973749148e-5,0.015363359067893828,7.03039887297457e-5,4.579525495196312e-6,130.4968529139592
country_merged,Canada,0.0140694154384413,-0.0019629138129363,0.0386169289269513,0.0059291996244588,-3.414818831536e-4,-409.7082100447047,1.039250449085921e-4,8.871590269861244e-6,0.0013079827513676093,1.4041123055681987e-4,1.309572539491697e-5,34.709041638002454
country_merged,Central African Republic,-0.0079859326917751,0.0011235073371754,0.0127198133020838,6.0448582403580496e-5,5.068323341593403e-5,-68.29517248887169,3.54964264389972e-5,6.025410552242775e-6,4.6257856926364566e-4,9.372812111967741e-6,1.586711382455176e-6,17.575130772499246
country_merged,Chad,0.0098259852049101,0.0023874950962822,0.0131534195636647,5.883843712462e-4,-0.0017242822592743,-231.49861987381703,7.031249712426328e-5,4.2578207738582444e-5,5.567258431199086e-4,3.815443400821331e-6,3.7470819957162186e-6,19.983267134359274
country_merged,Chile,0.0069992275119049,0.002630292455322,-0.6766049356516655,0.0387772287862996,4.931265636916e-4,-4114.643543559013,9.038544449156906e-4,5.898508949244435e-5,0.012508345545638488,6.128201941482217e-4,1.552056310526986e-5,427.0876977781357
country_merged,China,0.1427461888221952,-0.003338877546555,0.0755890515292294,0.0516821089924543,-2.097800073805987e-5,-8910.094826244214,5.578297916539333e-4,1.4918714015774493e-5,0.003966202101782666,1.5617513571917113e-4,8.697140286323617e-6,252.06321791072602
country_merged,Colombia,0.0145507919048527,-0.0019280992266154,0.485449164383527,-0.0067827549951378,-5.197297817637e-4,-1412.3548930031257,3.9500876011620313e-4,2.1173540366223534e-5,0.02028751016111508,1.4116074741622153e-4,3.4707906169482675e-6,212.5371968650114
country_merged,Comoros,NA,NA,NA,NA,NA,40.15723552178899,NA,NA,NA,NA,NA,340.3626066402463
country_merged,Costa Rica,-0.4373722952658552,0.0140151995519167,-0.7780505246470593,0.0496235758554959,0.0033371979706013,-9044.511417147934,0.005105908855707784,1.988022173165343e-4,0.09921036670203412,9.808681954569002e-4,3.13630685270795e-5,2321.8709174923056
country_merged,Croatia,0.7042898875077385,-0.0069469639265738,-0.0755359127398019,0.0138662731691622,-0.0045794385648502,-6482.514985274585,0.006230169980791688,1.9205402199667208e-4,0.017052295556377935,3.4579512312350627e-4,8.479615111267377e-5,440.5243025760007
country_merged,Cuba,0.0495540684935281,-0.0012148910306781,0.0138134447313213,0.0120101361557693,-1.886809396534e-4,-397.071420439452,7.469088727957013e-4,5.73009566103547e-5,0.008889400555468947,1.4464946067025534e-4,4.9599723807252724e-5,396.01419796083087
country_merged,CuraÃ§ao,NA,NA,NA,NA,NA,-20062.37019230769,NA,NA,NA,NA,NA,7054.038155413554
country_merged,Cyprus,-0.026270049015847,0.0066505861488771,-0.3242035576929238,0.0131061775799367,0.0033345551035298,188.79299363057325,0.003458412769581704,4.2756246347438765e-4,0.01499344505243774,8.747247772426147e-4,3.1822077741673057e-4,2757.7237171688907
country_merged,Czechia,-0.1925556331461637,2.923989307721e-4,-0.0485991725602076,0.0127134971193791,4.284233157487e-4,5599.810023252362,0.005392346078505003,1.307715871923701e-4,0.0015169173576511919,2.1832012926482954e-4,1.415909364281746e-5,1575.155129832842
country_merged,Democratic Republic of the Congo,0.0031172106583461,-0.001383285606636,0.5001616423986449,9.887659721837e-4,-6.146123484645e-4,-390.33941323581394,2.6452254640764983e-5,6.672417585577358e-6,0.0063272517284838235,1.2017566632987225e-5,2.379683464546241e-6,156.17211444219586
country_merged,Denmark,-0.3561596243995571,-0.0072621469041848,-0.0098540922914864,-0.0077052935910186,0.0023966391734898,7901.079466423441,0.005641468006640682,2.0100582626034818e-4,1.6143918939794466e-4,3.199825236447939e-4,3.238252000603433e-4,1348.7348681896722
country_merged,Djibouti,0.0304778506875175,-0.0134967472542821,-0.770798595178788,NA,0.0015195604701532,-225.26295316008984,5.753684853728836e-4,7.695428596725673e-4,0.028583161354792455,NA,3.7758254385869215e-5,149.79176381523322
country_merged,Dominican Republic,-0.2697334706564466,0.008721321281555,-1.6382023368121583,0.0358308187857196,0.0053644950064858,5656.319693339722,0.0032298396617849692,1.6512047234834522e-4,0.06473935641463244,5.67433077368251e-4,2.8665332328868313e-5,2205.0751747702097
country_merged,East Timor,-0.0054453261191843,-2.6527175568876632e-5,-3.7328429118620754,6.237903450591025e-5,0.0032678302857381,-27.01575039748637,0.003401219826151393,1.3532630086086103e-4,0.38082357991902055,3.3031367479214797e-6,5.0695249433170883e-5,28.165007802429326
country_merged,Ecuador,-0.0446090208392328,0.0013164178661255,-0.6278322449928745,0.0099229694532287,7.877063795454e-4,-1442.1215862646852,7.335852495831032e-4,4.3537060834553446e-5,0.03325697070523219,1.4105853310683716e-4,6.751322937393887e-5,395.73762510880636
country_merged,Egypt,-0.0099353481129717,-0.0057072900917702,-0.0026306108128568,0.7305441569248862,0.0013087559591879,-32685.898263395604,3.3056573436517116e-4,1.3033503879337043e-4,2.1876287630021328e-4,0.008509904890132824,1.4066443241619928e-5,3640.3805842388265
country_merged,El Salvador,-0.1110653657857029,0.0188382707046252,-3.598909727904544,0.0629558820706568,0.0084387174233435,47236.94418291863,0.0030129007902734797,2.2167380776412417e-4,0.05097409968548005,5.271834419040503e-4,4.2563680152943094e-5,6846.318365829556
country_merged,Equatorial Guinea,3.989351816906e-4,1.659449127376e-4,0.2000022049158145,-0.0016987344800211,-5.899764903659e-4,-31.620534179956007,1.331296271521033e-4,2.596421658918776e-5,0.02482989232443219,1.658988784483247e-4,1.776368062305994e-5,10.82394172978127
country_merged,Eritrea,0.0258686993476335,0.0059769595034973,-1.1966538669248077,6.097058444906084e-6,0.0033706705683993,71.57508876092729,2.9180923858127054e-4,1.631992741191448e-4,0.06526432738295515,7.455211413824809e-7,1.5341678802230734e-5,118.28524267623783
country_merged,Estonia,0.5252518198560164,-0.014950447400992,0.0079024404104944,-0.0029460619662542,-0.0042960478916952,-4201.551082802548,0.002810878780726843,1.6221197655790352e-4,7.829497072843557e-5,2.849934363317757e-4,1.0536450111182303e-4,339.0561072401134
country_merged,Ethiopia,-0.0979543466082,0.0084276862151252,-2.655818148487626,1.024913871444e-4,0.004110963392401,1873.6544649476068,1.7431703523891043e-4,2.2171077959754095e-5,0.014667021584178435,2.1602668976071655e-6,4.886566623632017e-6,253.48655593979475
country_merged,Falkland Islands,-0.0169543122121761,0.0016148180820097,0.0308901136221147,NA,-6.941428251450978e-5,0.7304645374145744,5.539580129514406e-4,8.956549719031308e-5,0.0022495312991075455,NA,1.8188211107284485e-5,0.7202868294416939
country_merged,Fiji,0.0066264439184834,-4.57556673433e-4,NA,NA,NA,NA,2.6458838977635015e-4,4.7410621943359716e-5,NA,NA,NA,NA
country_merged,Finland,NA,NA,NA,0.0080677325290754,NA,-3669.61733818465,NA,NA,NA,8.376365615337067e-4,NA,182.81596817918424
country_merged,France,-0.224354723852146,-0.0023190499470077,0.3941462301259483,0.0068459738148798,-3.485311008361e-4,3695.180441603815,0.0014532618870446306,3.6109794701085045e-5,0.004679309973446969,1.1095762335290453e-4,7.833472219078987e-6,820.0679365229103
country_merged,Gabon,-0.0013099942160522,-4.15473960317e-4,0.0238622249578886,3.330379100917e-4,-3.531637647314e-4,-148.61242282186143,5.692011519957545e-5,1.8237852541292738e-5,0.0026279110135791475,2.6422049415130535e-5,4.312291803495064e-6,45.084558264003114
country_merged,Gambia,-0.0448228297264524,0.0060465447572597,-0.0270369550900226,9.591996205962e-4,0.0043578290831785,1225.0509615384617,0.001048818074375658,1.764663917096116e-4,0.0014834042170193157,6.783409179838222e-5,5.197229053069024e-5,517.5807019479555
country_merged,Georgia,-0.0166134205610981,-0.0012071259733226,0.3696015660357161,-0.00198374588294,3.651188048553e-4,3720.8125,0.001380059951315587,7.845654982133215e-5,0.030256763926001705,1.2103618227720652e-4,2.013929874774633e-5,1375.3724781842009
country_merged,Germany,-0.6104875101494527,-0.0022353901371445,-0.0406528041672096,0.00422305210743,7.129717236945e-4,9858.964761779069,0.002950401475143316,6.651507686825595e-5,9.63201663086648e-4,9.419373125012696e-5,1.712338495571833e-5,1457.7007921722177
country_merged,Ghana,-0.0746615313299338,0.0058665564151049,-0.3015574325199985,0.0025672293533273,0.0024918204860616,-1766.0616136919316,1.910460725290095e-4,3.853361056180227e-5,0.00789026961288081,2.642910708237495e-5,1.721839991822088e-5,424.8506338369597
country_merged,Greece,-0.0301154523422531,0.0062695155950698,-1.0914421440946571,0.0235960520973775,0.0037395661296457,5107.311886586695,0.0023607799223471773,9.502284907205073e-5,0.01887588264750666,3.9532084103664273e-4,3.614218875761924e-5,515.5606625739432
country_merged,Guam,NA,NA,NA,NA,NA,2056.2916666666665,NA,NA,NA,NA,NA,2043.0677690270193
country_merged,Guatemala,0.2383811175225317,-0.0076710099966143,-0.3273217535203,0.0334527405036553,-0.0042938836856205,-1240.6286871881025,0.002007933614269149,1.0379586388268299e-4,0.04648333412652332,5.328664783161002e-4,6.654449066171249e-5,1791.1896433835852
country_merged,Guinea,-0.0547222569139157,0.0043784047750652,-0.0862896754992776,-2.066859487961e-4,7.621994107893e-4,-170.17426636568848,1.899777339181908e-4,1.7612537050083414e-5,0.014288366961273804,1.533859033733633e-5,2.614207964350568e-5,212.05920518313974
country_merged,Guinea-Bissau,0.0337720323176691,-0.0036111535986893,0.0332303096302329,-0.0014404247833896,-0.0019882733633915,-760.917667367157,3.586752649968056e-4,7.658866704247119e-5,6.27755943647778e-4,4.0106102287690666e-5,6.548039455054713e-5,351.28569946248996
country_merged,Guyana,0.0166231131704116,-0.0016500914053976,0.0350273977177817,-0.0059849075412436,-5.169312504589e-4,-82.05661197339246,2.3708055828124098e-4,2.3094710184772555e-5,0.0037577546282800086,2.69221961782282e-4,2.359408957509243e-6,18.81673296068977
country_merged,Haiti,0.0181627796796717,-0.0038837580245265,1.781006697257559,0.0236924460926757,-7.205769904486e-4,-1470.0014278065323,6.134241192645359e-4,8.37336322861339e-5,0.1438126996220538,5.167553713375227e-4,7.298240667324559e-5,2407.3932184117184
country_merged,Honduras,0.0421502165291099,9.53039185213e-4,-0.5791621645034947,0.0331229984272047,-8.632821546092e-4,1308.9999616931625,0.0011953619498060249,9.342227911073148e-5,0.038742037632875814,2.3824153918320092e-4,2.1532500446047148e-5,446.8428706895239
country_merged,Hong Kong S.A.R.,-1.280273647784776,0.0412963834583249,-2.924179185984308,0.0072258206370482,0.0045364611377843,293577.30841121497,0.1722797468759215,0.006995785562298801,1.6410604044370314,0.00159041777215049,3.560370941853393e-4,136292.54200314535
country_merged,Hungary,-0.1830896088165624,-0.0043090037779382,-0.0145750036846411,0.0069916294487425,0.0013538542769295,6905.6968027093735,0.0023229400415556534,1.0115301628854401e-4,7.196436064284432e-4,1.584312298696584e-4,1.021676067007843e-5,1081.4524285377754
country_merged,Iceland,NA,NA,NA,NA,NA,-55.85772610418071,NA,NA,NA,NA,NA,22.80358346506744
country_merged,India,-0.0409567080821186,-0.0016496835244408,-0.2080837615322459,0.0041466465539226,5.226070289687e-4,-2895.120211090644,4.1000620356134533e-4,1.2853832264084258e-5,0.005202739349029245,3.852297607039712e-5,6.897641613265888e-6,293.6647553271451
country_merged,Indonesia,0.1601098617374728,-0.0071610764387127,0.3084671098837149,0.0050135747244914,-0.0027011386068132,3059.8964113843804,6.587774050520012e-4,3.326236801895448e-5,0.01681695654580457,3.0226676036672506e-5,2.6350538326518514e-5,437.0593331510441
country_merged,Iran,0.215944084027629,0.001507040505498,0.2465811632271011,0.0744984796601521,-0.0011795711657634,-2856.1214712184046,5.814728032956697e-4,5.779707910902842e-5,0.003322076156533438,2.3516573331511177e-4,1.8516716103155395e-5,315.0215182605925
country_merged,Iraq,0.0400371533687542,-0.001290569399096,-0.0202722323900083,-0.001379986589277,6.601825936956976e-5,-1417.3753727375697,0.0023909088081427764,1.427550340361873e-4,0.0023074878728751367,1.3905631690452254e-4,6.007301212473457e-6,218.0180658185197
country_merged,Ireland,0.0360085614871877,-7.267508212427e-4,-0.0070051050483337,0.0049378254072125,2.811869353829e-4,-9453.61138347483,0.001734720443140849,6.0714226481789454e-5,7.945725127252674e-4,0.0011550925823570572,4.760048576061965e-6,1115.1885448037008
country_merged,Isle of Man,NA,NA,NA,NA,NA,-2623.282483552632,NA,NA,NA,NA,NA,1830.371020170711
country_merged,Israel,-0.2871276906247967,0.0054801316085497,-0.469209008938482,0.0929513527637519,0.004330058754803,-2586.255212858384,0.009932208893078932,3.5684460392727704e-4,0.010686247785552024,0.0021167710899322686,2.883736330222871e-5,3574.8841844333333
country_merged,Italy,0.0089867020777245,-0.0011849695645557,0.3787807082187537,0.0074191391738122,-8.549582900193e-4,1771.9291955544193,0.0019615003485198776,6.509248607026696e-5,0.018764632317317294,5.624078018755827e-4,9.011327497587484e-5,1363.7519402244257
country_merged,Ivory Coast,0.0284757694497477,0.0015894312926187,0.6251182342502218,0.0031963100478393,-0.0016023372724805,-5802.427559320763,3.053681370773142e-4,2.914461296956642e-5,0.01050261159731112,2.122472834269847e-5,4.144754073125254e-5,956.7591541607319
country_merged,Jamaica,0.3646020467921571,-0.015758523647854,3.490353457540135,-0.3075780916522511,-0.0089369676766266,-53520.9179331307,0.005734390411993253,3.673914278277621e-4,0.13533498242205855,0.013753935348893994,5.08242207239685e-4,4996.990243729406
country_merged,Japan,0.2115430217059974,-0.0067041389840838,1.3666784651771946,0.1401995433724241,-0.0037922210908912,-14834.515318935208,0.0022134794657822578,6.444390458271119e-5,0.028326920461600347,0.0015013039522419323,1.0413172736535985e-4,2123.025268047714
country_merged,Jordan,0.0049016539340699,-0.0057045631701753,-0.049765565731609,0.030699652060189202,0.0029696137220934,-5010.048309178744,4.433939909014784e-4,2.9605902009291317e-4,0.005467700158521991,0.002116938779900617,2.8545753583094105e-5,2771.33612960254
country_merged,Kazakhstan,0.0505689077921033,0.0147002081981824,-0.0059937206786644,-0.0010813856136527,0.0011080667014204,-268.63005491589763,1.422445878479162e-4,2.182774828170638e-5,7.023557516402377e-4,2.2349954143895968e-5,1.4225485160694935e-6,32.48843601159122
country_merged,Kenya,0.0135244598361525,0.0069157444054123,-0.2391872293616867,0.0010467454400613,0.0014892676316215,-4663.375002490586,1.7554227397110605e-4,4.789883471979793e-5,0.007907631601888135,2.6097147395263744e-5,5.9829297869789865e-6,920.1386578892503
country_merged,Kuwait,0.005826855419886,0.0119993543541729,-0.00617212158501,1.1154564632958188,-0.0039647761322886,-9739.672018348623,4.1793226349052566e-4,0.0013563196559796997,0.0010295240182723413,0.07759415633819107,1.8854840586522657e-4,2078.1901935859332
country_merged,Kyrgyzstan,0.0353218302320401,-0.001477208064379,0.4650138258753113,-0.0022761926597364,-5.327694750664e-4,-677.1053309296935,5.241561676821744e-4,5.9111634598702394e-5,0.02668273313769662,2.575272349856013e-4,1.165373411645623e-5,184.95478085719193
country_merged,Laos,0.0396046707108295,-0.0034326602937574,1.2185222578099617,-5.588594137629e-4,-0.0014955463523495,-598.025819265144,3.177778043199507e-4,2.844957604091346e-5,0.028958304685100716,3.725197089765763e-5,1.0408012518413851e-5,54.66880109201034
country_merged,Latvia,0.2124920712486588,-0.0118977279084295,0.0086175623883552,-0.0197124789095303,-0.0039227112336371,-4071.684029765312,0.0010329391926941257,9.025572572639113e-5,7.654833507561198e-5,4.7678842757013437e-4,1.0592678540873795e-4,480.7066616151572
country_merged,Lebanon,0.2922656864662618,-0.0019272054790652,-0.5321249575448284,0.0709963075245673,-8.58821701457e-4,-17252.821052631578,0.01191649846961133,3.550377395028176e-4,0.0782708516286604,0.0024723291904360295,6.248887975440518e-5,9845.704139926951
country_merged,Lesotho,0.2080042511199834,-0.0037044783781951,1.1864799194660758,2.19330358963e-4,-0.0019419857374173,-20479.59624413145,0.002798207270137387,9.319925388001848e-5,0.036030111115624285,5.6878321759472805e-5,2.087372887931978e-5,1921.7486474378952
country_merged,Liberia,0.1073067591744938,-0.0140127467508671,1.5402514096791204,0.0021921763697077,-0.0103745720323357,-5288.1414368462,4.2699647587123414e-4,5.8278720557526914e-5,0.024068644321651275,2.0862287834796472e-5,4.5375463861892946e-5,628.6298717301778
country_merged,Libya,0.0072638871994934,-9.920228744838e-4,-6.538832886623e-4,0.2341826124625604,-9.509950950226e-4,-387.9262122241,7.087220535768352e-5,1.429103962994094e-4,3.3949122537687936e-4,0.004101660158265938,1.910408933160632e-5,52.72920574337023
country_merged,Liechtenstein,0.1498958392945489,-0.0107554788431845,1.6819674101211162,0.2373053444756402,-0.021165957600256802,NA,0.08712439939413694,0.0033125803790233525,0.40660354526722914,0.469177338909477,4.8298026543579643e-4,NA
country_merged,Lithuania,-0.0306344951701045,-0.0016418221467017,-0.004554789047461,0.0153462742420315,0.0013368033719396,5996.640417754569,9.345327408411242e-4,7.845615939292596e-5,8.84036388872072e-5,3.1324668459311217e-4,5.288529564768536e-5,552.5676839649076
country_merged,Luxembourg,0.0249006563963941,-0.0039584846783747,-0.0775120789362023,0.0091438713548026,-0.0018459405510543,6022.078733766234,0.007322105109156,4.647111552332736e-4,0.0113160517287323,0.0011275789693634612,7.315328094895146e-5,4741.171155617453
country_merged,Macedonia,-0.1442363801991759,0.0067612090032832,-0.8923067430602276,0.0096372419159305,0.005753229040407,645.1515491036633,0.0027972602591922213,1.4212329059029761e-4,0.02425381035952111,2.0180103455376644e-4,3.2878240341367535e-5,159.2449991042846
country_merged,Madagascar,0.0050909949207161,9.362592194916e-4,1.694418676524928,3.167196637249e-4,-0.0011870476850827,-738.6032209038432,6.696255046789094e-5,1.5611678711738653e-5,0.015677186859880357,1.7452056850873803e-5,9.91773673336641e-6,113.53026112639645
country_merged,Malawi,0.7740505707026019,-0.0213425409574574,6.335398425399851,0.0039971278034058,-0.0187057351672153,-92327.7494972709,0.0018649376939546803,1.2173615841323853e-4,0.06237882521329887,4.0539139778233556e-5,3.920183774287306e-5,3143.927799232945
country_merged,Malaysia,-0.0097573892674949,-0.0092851671457414,-0.010538323626088,0.0206252041732762,-0.0022298532319444,-3885.124931366448,0.0018989190847703557,9.751372394412021e-5,0.02845451605805501,1.9230375393909746e-4,6.988688966431684e-5,794.2219376389514
country_merged,Mali,0.010213332117389,0.0019972958092912,0.0323458218462687,1.166892032207e-4,-1.199754069249e-4,-5640.726255844099,6.34389453273056e-5,6.350090942210319e-5,0.0013054216777561999,1.7642139049698426e-6,5.10039630631443e-6,342.23823758124564
country_merged,Mauritania,0.0072539074661745,1.101378254679e-4,-0.0080521787625611,-4.114240079665386e-5,-0.0010320626716002,13.147828199175752,7.017466192750564e-5,1.2311124801789956e-4,0.0018093704017759212,3.0476338473997863e-6,1.0305416013425735e-5,14.708002725491662
country_merged,Mauritius,NA,NA,NA,NA,NA,-65224.258278145695,NA,NA,NA,NA,NA,21268.16620306009
country_merged,Mexico,0.17116699048777,-0.0022188687010679,0.0757392585087392,0.0351639950698636,-8.587265385048e-4,-13898.87740346876,5.028593865559551e-4,1.7500700132986253e-5,0.004042423596096043,3.8204092992257107e-4,6.427869363786125e-6,615.1905463681384
country_merged,Moldova,-0.0179448610271929,-2.8141723067423336e-5,-0.2618083405840108,0.0123415258730121,0.0034520934086884,538.9749543703102,3.823056648402338e-4,5.237135620358779e-5,0.0026780914118119366,2.6094774250981777e-4,1.4981312658964267e-5,273.7584992577832
country_merged,Mongolia,0.0248424778344517,0.004006535463702,-0.549454415753592,-2.353327287422e-4,0.0017337038771325,1.3430824762658229,6.395786181340868e-5,3.606635291693968e-5,0.002768135187447296,1.2703921930033331e-5,3.1239964648549916e-6,1.4824833547644325
country_merged,Montenegro,0.0519626139133035,-7.925790537334e-4,-0.9602922559306568,0.0784335411089633,-9.677655651396e-4,5159.9384615384615,0.005710598275483835,2.3487839528602418e-4,0.227842906842438,0.00181820381699965,1.332028860977304e-4,755.5770228145401
country_merged,Morocco,0.1979017760230906,7.865258234591e-4,0.0028592719702087,0.0403724667641767,7.598862616026e-4,-3113.9070911247627,8.277985934548784e-4,9.744509379665305e-5,0.010976173797810958,4.343378613600389e-4,8.332542862208564e-6,314.77315986232935
country_merged,Moroco,7.92917877108333e-5,-0.0057266401946355,0.0026557455215309,NA,-0.001050836912319,NA,7.2002249125005175e-6,6.092961283986155e-4,0.002263889072625904,NA,2.868358410837321e-4,NA
country_merged,Mozambique,0.0541836002624033,-0.0062787456456538,0.4870444838369399,-2.7184495393126338e-5,-0.0030538695188723,-2353.6355289198887,1.1782312321431242e-4,1.8042316846843715e-5,0.008251061624224553,4.4568766335210115e-6,2.099740938396573e-5,170.90977439586018
country_merged,Myanmar,0.0476925887806818,-0.0022339053940074,-0.6562410470296542,-2.277931401973855e-5,0.0011215657009336,-142.77678505227257,4.251592089124813e-4,2.1072561423383942e-5,0.01445980379935691,1.7415380282690597e-5,1.9513284962095967e-5,48.145122807105295
country_merged,Namibia,0.0072984374872825,0.0022160732950451,-0.3410251331457201,-5.990257602347051e-6,0.0021725682366438,-61.48168491416916,7.624993913709682e-5,2.9241057281953927e-5,0.0049466123148644014,5.094530744831083e-7,3.3819272523255333e-6,9.919704724179939
country_merged,Nepal,0.095827951611321,-0.0043022971134449,4.596213109870702,-1.792916804841e-4,-0.0023605967278254,-14608.418606960237,7.319560536020465e-4,4.277294181726489e-5,0.11020482438416,5.5926867244498796e-5,1.6559481439980803e-5,1574.3647319615095
country_merged,Netherlands,-0.6947625849218524,0.0014261109718671,-0.002770256187318,0.4735824570077099,0.0013566479331282,-1500.0371404635578,0.008101218000736458,2.2943325192837372e-4,9.114222979904012e-5,0.005085341989064974,3.824380645289391e-5,11064.121681584187
country_merged,New Caledonia,0.0028579252817938,4.486166274321e-4,0.3490686930791009,NA,3.539067042509e-4,-426.603633792425,2.2098020763851943e-4,9.042886765592345e-5,0.23176276849532,NA,1.3813695625796425e-4,142.9412801993906
country_merged,New Zealand,-0.0219398790128668,-0.0020379949448808,-0.4385508441505317,0.3744841855072193,-6.641198529414e-4,-160.3668728675744,9.190775990208182e-4,4.2150904362777646e-5,0.029228193823889866,0.010809457268763438,2.0109399625576906e-5,154.4235424814076
country_merged,Nicaragua,0.0073330077633993,-0.0019529573496002,0.3354794675657994,-3.86545893717e-4,-0.0030725382623073,2722.447339039821,3.079352186379938e-4,4.3812455736470785e-5,0.011887776228270142,6.0292438056499574e-5,1.4826798496978878e-5,444.12526896498935
country_merged,Niger,0.0103912498549591,0.0061478388220693,0.2535128633007007,1.063567170668e-4,9.82660795906681e-5,-452.7346140163643,5.354328111451938e-5,8.952686360022362e-5,0.00443022836521304,6.88268121280049e-6,6.166965156466558e-6,59.55944435277009
country_merged,Nigeria,0.013051929963677,0.0017636539052882,0.15715245041887,0.0205160501870246,-9.839913040573e-4,-8752.752105343745,1.870269359460223e-4,1.5103666246953336e-5,0.0033658225410605125,6.384815262245942e-5,1.073534067773996e-5,1555.6338057645296
country_merged,North Korea,1.0634087156046543,-0.0175270148914372,7.927997662454862,0.0229605459202313,-0.0095184986889209,-6174.426882389545,0.004094390002851027,1.150501973980484e-4,0.056507441728115025,3.44448139495069e-4,1.90355716245167e-4,1682.0592627034953
country_merged,Norway,NA,NA,NA,0.0674290913150481,NA,-2740.668641339343,NA,NA,NA,0.0027479183985164995,NA,166.14350778561695
country_merged,Oman,0.0019594475013193,-0.0028197141415298,1.214924529314363,0.0113566896799481,-2.983498784884e-4,-132.6177355802085,1.0363795682657607e-4,1.1194285183027157e-4,0.06625789999409858,7.300542300029286e-4,2.5350180574822056e-5,38.12719350668613
country_merged,Pakistan,0.0651942904692545,0.0105260558202836,-2.542417104028984,0.0031466798556684,0.004745328661386,-30286.875986629588,7.351519086545471e-4,6.740659214207619e-5,0.01576622154487082,4.661713127495314e-5,7.5777788162563765e-6,3211.248029775075
country_merged,Palau,NA,NA,NA,NA,NA,-30.10805996981534,NA,NA,NA,NA,NA,19.1397023437707
country_merged,Panama,-0.0093932720629119,-0.0025464495848329,-0.7878918098712652,0.0022180392398771,1.5984684808906625e-5,1210.7955582430873,0.0012015596367233635,9.32209577860925e-5,0.058392509839917714,7.60111330753702e-5,5.595074404903667e-4,591.2350312635829
country_merged,Papua New Guinea,0.0169315151821078,-0.0022864135768476,6.676294153028542,0.0026019073317951,-0.0022527498342864,-88.3460590799556,9.137618965175251e-5,2.1316214703656035e-5,0.08865869114069092,4.489042030475982e-5,1.1445939378509397e-4,9.383251010777956
country_merged,Paraguay,0.0763488550601063,-0.0082911268230584,0.0924328905877404,-0.0330111452311843,-0.0055982526689463,-4036.011949146655,1.940375974385818e-4,2.9969713603664922e-5,8.076054809752565e-4,4.0064675566885225e-4,6.687040243671458e-6,479.4766852455228
country_merged,Peru,0.0199807543945044,-0.0012676403128121,-1.0904556668692948,-0.0132586405631121,3.224894893276e-4,-736.4871563437661,1.830804587434031e-4,2.4167041121771367e-5,0.013157435641436298,2.936064229855878e-4,3.953735257536227e-6,138.6825663101601
country_merged,Philippines,-0.0378086181526946,-0.0011772557015219,4.844412627797722,0.0152870670351231,-4.623615887612029e-5,-4699.635405980616,0.0010915892804933807,7.158140678717788e-5,0.09439598983223836,1.407237601115051e-4,2.001728676184122e-4,1257.1653272330668
country_merged,Poland,-0.1178962026575295,-0.0021480733667754,-0.0148173412989012,0.0347357724921242,0.0011556079869672,12466.058190432052,0.0014474539410029427,5.0929495971026916e-5,3.2355557161570974e-4,2.6960476482285224e-4,1.7375634717135423e-5,767.1129548762598
country_merged,Portugal,0.0451005046574401,-0.0022106167106303,0.2886343995402592,0.0123097229464621,-0.0015932840297769,-34212.466833011626,0.0041996327439872624,1.2164863612629824e-4,0.006706109793363849,7.727487257042734e-4,2.6101624132132386e-5,2230.7529849553566
country_merged,Puerto Rico,-0.5901735815044117,0.0212870748959734,-3.4495956608396723,0.1599731654193938,0.0057943150703233,108794.83561643836,0.011354894649218985,6.157182768811457e-4,0.11360169196102156,0.0017862738777974934,7.523876739121924e-5,17416.806935995985
country_merged,Qatar,0.027470497140894,-0.0022131954350666,-0.0178365165699045,NA,0.0066797523378576,-1846.5706618962436,7.732352183780568e-4,0.0014423760150992513,0.0011871744314347185,NA,2.5288475114500675e-4,1845.7446674841267
country_merged,Republic of Serbia,-0.0531175962588388,3.426999076683e-4,-0.2001493176206006,2.831928691021e-4,0.002067963966274,4141.733558830635,0.0014675769665150398,8.478509777624353e-5,0.007789777726368095,2.5077234508502947e-4,6.68499349528174e-4,548.1506667721316
country_merged,Republic of the Congo,-0.0255853504569937,4.825036445066e-4,-0.4299192180561257,0.0025933356744664,0.0018856592246014,46.28291722556359,1.0351286943680491e-4,1.972572261570671e-5,0.005896197939137487,2.91137314058931e-5,6.497525169594033e-6,31.0466042731323
country_merged,Romania,-0.0812590844659459,-0.003030177037832,-0.1505847002764407,0.0164393713866814,0.0018355328985879,3584.314947879769,7.058518048763645e-4,4.698931085234018e-5,0.0019893610831718663,1.0973341292919263e-4,9.785074085231883e-6,399.5466892166437
country_merged,Russia,0.0083278345251961,-0.0010165464565838,0.0741935272789195,0.0025225267272374,-5.954688305636e-4,-295.29488097700767,3.4887026089117046e-5,5.295419393669935e-6,4.139648068973309e-4,4.2591384814797065e-5,1.6808806346095587e-6,47.323295316081804
country_merged,Rwanda,0.0690311344351507,-0.0083794170229937,6.917212077825285,0.0292695698751388,-0.0036518263141504,8260.604959630911,0.0014268643926140525,1.7385580586175983e-4,0.20987191831820293,9.282833840384852e-4,6.969207317078766e-5,4506.067839977999
country_merged,Saint Helena,NA,NA,NA,NA,NA,-36.30703209186422,NA,NA,NA,NA,NA,35.67555623897741
country_merged,San Marino,0.052589234246148,0.0089769154787063,-3.825148197642544,0.0034610189331902,0.0023235825070163,NA,0.023286677206991478,0.005741280201915965,1.1764527413016317,0.0012973259507740415,4.525669486394986e-4,NA
country_merged,Saudi Arabia,0.0080318139961159,-0.0016038521715494,-0.1108674966520828,0.5301008448374632,-4.285080291967e-4,-240.40476078709176,4.935582732581308e-5,9.72923346102223e-5,0.008448816212604791,0.00563610657667979,1.428591654727249e-5,34.02159380529577
country_merged,Senegal,-0.0180199887530144,0.0030425156947246,-0.0036664361110371,0.0016033822830069,8.62675459543e-4,-383.6221342472229,2.3491370946476426e-4,3.0104331927231555e-5,2.5161400591429086e-4,1.245057799377451e-4,4.763720425676428e-6,89.43925922865856
country_merged,Sierra Leone,-0.0130882861302127,0.0016044531102361,-0.3906556688383984,-4.062329931737e-4,8.54205639936e-4,-1242.7574071678096,2.852193126385003e-4,4.110923730810532e-5,0.029287925538298818,2.4309017429440277e-5,8.929424745471301e-5,416.1423699707169
country_merged,Singapore,0.9733225000966892,-0.1276773075724757,-0.3085206062563004,0.0286116070217556,-0.0093725386739997,-440304.5801526718,0.03132363728160834,0.008172961403315492,0.044234999944357915,0.007893005400714703,2.4533906175817547e-4,147594.93550165484
country_merged,Slovakia,-0.0618870777233224,-0.003764814990861,0.0628339967045309,0.025643136521451,-4.745432755102e-4,-522.5525981104652,0.0033115963752489777,1.2631904956266529e-4,0.005129955166643226,5.444123714266502e-4,2.1155534463111477e-5,1368.2400346528914
country_merged,Slovenia,2.3794834645215235,-0.0101185193730161,2.6715457188069767,0.0053494540294885,-0.0096411180199432,-23304.760991207037,0.022652680651093944,2.92727248025931e-4,0.09372621609487877,6.507083197012162e-4,1.687812304841197e-4,2451.3184074481424
country_merged,Solomon Islands,7.491596323517e-4,5.099066203288e-4,0.5470776326129174,NA,-0.0024587559932458,NA,6.120059570119865e-5,1.0668551089732721e-4,0.031176072603784463,NA,0.0012067833707380092,NA
country_merged,Somalia,0.0025440474689191,0.0023767726563172,0.0023914814953146,1.860844406662e-4,-1.4439234237379584e-5,-160.5009455979398,8.524863106324658e-5,4.927639310356688e-5,0.0011101141174127735,1.5254454414051414e-5,5.045811378320353e-6,22.905178723859564
country_merged,South Africa,0.1010559232913083,-0.0037815703112827,0.3076912385755745,0.0027958383922343,-0.0020096288680312,-17991.28038638105,3.717510497703236e-4,1.537171808025552e-5,0.002011896581699634,6.727802004783319e-5,8.049384081601781e-5,767.1423419752654
country_merged,South Korea,3.991476628943194,-0.0285457513400519,15.534239484018329,-0.0352216586408688,-0.0174160603189141,-105012.0915114873,0.016301585973327395,2.4357703494030578e-4,0.10172656484815493,0.0020196667370444344,5.239568371953698e-4,13739.469595128898
country_merged,South Sudan,-0.0462119421732985,0.0064635686657755,-0.0443791262063815,-1.447522048879e-4,0.001626203361482,-219.1775744826574,7.742960842204016e-5,1.4025390664397362e-5,0.001226701645591412,1.1491539064984327e-5,2.54912738773214e-6,43.68222389707127
country_merged,Spain,0.2181131084516542,-6.636283494478e-4,0.100907401056319,0.0124971670233436,-2.168999648489e-4,-5481.8798806047,0.0015809811695511277,4.325509903983344e-5,0.004653734831767103,8.497858656747208e-5,1.3617884468155532e-5,615.123356256988
country_merged,Sri Lanka,0.1910773197183421,-0.0057459879895148,0.6152966883117916,0.0032552173233575,-0.0035773694370385,5205.296488508458,0.0059856000665210254,1.8407765111532427e-4,0.041441976161326444,5.52171696219533e-4,9.055936422060032e-5,2189.2894013085984
country_merged,Sudan,0.0029883546491944,0.005469665292743,0.0452684757876473,5.560596021741e-4,-3.514313549815e-4,-745.5660323013481,3.919200629284169e-5,4.793891955144251e-5,0.0012005908253910616,3.0505169728319464e-6,6.264778238018959e-6,344.6631811453896
country_merged,Suriname,0.0133745168203305,-0.0022974041654406,0.0012634659383572,-0.0052243192878632,-2.332279007543e-4,-2.733485760207149,3.006716938852737e-4,3.893462786954955e-5,6.531856039185823e-5,1.7674845862723228e-4,1.4821156145543507e-6,1.879329376094047
country_merged,Sweden,1.5541132040868928,-0.0173833265284177,0.0306219775940889,0.0679516659225761,-0.0049988856040378,-8550.988240710161,0.007197898173127635,1.4073385628089288e-4,4.470704854801918e-4,9.272585061943903e-4,1.3489507312122351e-4,266.61794814029935
country_merged,Switzerland,-0.216084584146057,-0.0057370926233885,2.882483308061557,0.1777512541996397,-0.0057470864935514,-7292.966537112523,0.007464103864696465,1.5401107955377715e-4,0.07050310037649994,0.003715411392490528,3.584994402197069e-5,3185.579593512124
country_merged,Syria,0.0038240264875659,1.974570420288e-4,-0.2281316273860275,0.0508138371505379,0.0011499760380555,823.3097687433133,9.125189266968369e-4,1.6722312267143652e-4,0.011154403253789606,4.6803675467630557e-4,8.117008591146165e-6,661.9402495846888
country_merged,SÃ£o TomÃ© and Principe,NA,NA,0.8091184893545766,NA,-0.0039361910631427,-1738.0054290254238,NA,NA,0.13311332576093773,NA,3.5159163185866375e-4,1639.7975136046582
country_merged,Taiwan,0.0098967475989292,-0.0039297867238804,14.827740698954694,0.1754670933647205,-0.0056347144450917,-56592.615729832825,2.159678762640745e-4,6.009921782254777e-5,0.3338074838968053,0.00803187866167878,3.6129331625376905e-4,10674.579444191972
country_merged,Tajikistan,-0.0120281666433742,0.0017246661092479,-0.0066046871442244,0.022867788125485,9.027437814721e-4,-1640.1448527996922,6.606080562261703e-4,8.220885189819357e-5,0.0626051200274967,4.541560716084872e-4,9.895796597406182e-6,313.5779503533267
country_merged,Thailand,0.0613300932115145,-0.0024147590921654,0.2583863723700643,0.0042303553197026,-4.141814621908e-4,-7141.786114977074,7.471650637593254e-4,3.4816576234764914e-5,0.011226019629354005,3.3158232468141806e-5,1.7349406682624235e-5,1227.6257154227833
country_merged,The Bahamas,0.0116228687775155,0.0144974043974117,-5.718757646888e-4,NA,-2.075465923593068e-7,-333.0796703296703,8.665829518444616e-4,9.288531666565957e-4,9.008132669410404e-5,NA,8.182681143081456e-6,162.29345954160962
country_merged,Togo,-0.1212081089584439,0.0113390622995217,-2.1245330229561765,0.0010913307142527,0.0063059018256117,-233.98384549109707,4.2998606789382716e-4,5.864864384441698e-5,0.05293298279423724,1.8291002529084233e-5,2.867684887858113e-5,263.63147798600346
country_merged,Trinidad and Tobago,0.0047878872875315,-0.0024557519516701,0.0352090284411832,0.0434396884252367,-0.0015447797467318,-14784.955495004542,7.205699564919853e-4,1.2205333408266318e-4,0.04041891909346452,0.003007261088970507,1.0842660890409495e-4,4495.129278108155
country_merged,Tunisia,0.3192664110958494,-0.0043398594278584,-0.0721158388034475,0.1775495386032564,-2.660486921342e-4,-2013.524174693725,0.002343730272527344,2.1891187571075791e-4,0.0039955397125095455,0.0013861771700390839,1.1472270987729316e-5,268.9165403622754
country_merged,Turkey,0.2299028985102218,0.001512662300511,-0.3248606109052406,0.0184414860450466,0.0018530082019309,-3474.427977400668,0.0012132935010554886,3.353531282447934e-5,0.00549495503841622,1.214416124315761e-4,6.28907485959668e-5,520.746714319712
country_merged,Turkmenistan,0.0236035164623167,0.0025066155107524,-0.0709879537533028,0.0088723222856435,7.493824266795e-4,-156.5940419261566,1.6047959412405686e-4,8.497909493959332e-5,0.00109719516937796,2.0611942486681507e-4,2.82698147752545e-6,72.51502868707334
country_merged,Turks and Caicos Islands,0.0063042943801932,6.359052939677e-4,4.942863452725e-4,NA,-7.17266552472e-4,5.505345231395657,0.0013024743862758137,2.6238344280891e-4,6.981577044621328e-4,NA,7.927965909792084e-5,5.4584903701061664
country_merged,Uganda,-0.0487875308682111,0.0036368510365461,0.5258175055600754,0.0028373125406105,0.0011260704153692,-6922.52374986729,2.0734500066624964e-4,2.3165026896251142e-5,0.01995878609702831,5.6577103011914907e-5,9.072521099473543e-6,624.0761413907094
country_merged,Ukraine,-0.0918617409441925,-0.0015052027704714,-0.0400606823962073,0.0126525506314052,0.0031549631607388,1264.3328637611282,2.8040127498733135e-4,2.2504392415015104e-5,3.6421543582106276e-4,8.654747876245965e-5,4.0557286264482476e-6,205.85404914501413
country_merged,United Arab Emirates,0.0537644565607627,-0.0378599846870923,-0.5830738996047196,1.180784746962216,0.0103301562906213,-2397.6693380173456,4.513726684133332e-4,9.249629481628615e-4,0.02595214378890162,0.027612399887661277,9.957814686844702e-5,396.5448024213668
country_merged,United Kingdom,-0.1252607401762883,-3.731818824651e-4,0.1132473808184206,0.111386042641832,4.8271950816035605e-5,-33803.31811252135,0.002374619246199497,6.064662031376138e-5,0.0037509521347233767,0.0011140251527280757,3.811149814864839e-5,2975.236731995365
country_merged,United Republic of Tanzania,0.0098795874093151,-0.0029428186240887,-0.3578611462079243,1.882765837632e-4,-3.15850706351e-4,-910.1020184482876,9.84174548844808e-5,1.5072175181368791e-5,0.009590718972389452,8.824869663895e-6,7.4519376514766e-6,163.2303663414999
country_merged,United States Virgin Islands,NA,NA,NA,NA,NA,1529.4942708333333,NA,NA,NA,NA,NA,1605.0461887658628
country_merged,United States of America,0.0244657453224435,-0.0019384059239036,0.0874054222159667,0.0144439674799984,-8.854492508286e-4,-11542.91676333525,1.787529364376855e-4,6.712395932516265e-6,8.145142839191701e-4,1.9560596728824433e-4,4.699364243234673e-6,173.92054098351542
country_merged,Uruguay,-0.0406675039428295,0.0014703549335126,-0.0559785132866162,0.0012904038782678,0.0020098155983008,209.1454994758125,4.553016885835031e-4,3.839767235347086e-5,4.412034312161225e-4,4.8604577221590306e-5,1.0663272756976769e-5,228.38335649673908
country_merged,Uzbekistan,-0.1210752088005261,0.0041849970426208,-0.0820878906876197,0.0031918153439647,0.00141697908054,-812.0995623632385,0.0017230352662637735,9.864760094463167e-5,0.009016937050888631,8.196230263854319e-5,4.994279485539025e-6,196.91728857041477
country_merged,Vanuatu,-0.00219335971644,0.0040573602580742,-60.79363567774465,NA,0.0165472936125621,31.392488016776515,2.435065362323251e-4,3.979923965363601e-4,2.0902912240745297,NA,2.604522885947124e-4,12.24582872319265
country_merged,Vatican,NA,-0.0386896696355607,0.0014520325801438,NA,-1.491241984897e-4,NA,NA,0.0364767950966888,6.187252017667667e-4,NA,5.8404871359566666e-5,NA
country_merged,Venezuela,-0.004301705389392,-8.07811208124e-4,0.1078766119889935,0.0040205603577256,-2.23534243191e-4,-518.3642514747505,3.716720899395182e-4,2.039600421045495e-5,0.005977794817421183,2.467883833262295e-4,6.936972876168239e-6,54.65113864751437
country_merged,Vietnam,0.5244944947428871,-0.0122230073015069,7.128401131965077,-0.0014933267005484,-0.0060500789107495,-1534.177789026688,0.0030905808801059537,7.996191785855484e-5,0.07113200565544493,7.249056281372705e-5,2.6613643292977542e-5,914.1457476193291
country_merged,Yemen,0.0184840412479492,7.091252949243e-4,-0.5479006418694148,0.031510234935179,1.399068811314e-4,-873.6175843893686,1.734355635932163e-4,8.98094418640205e-5,0.013903279463581221,4.325160936594292e-4,6.418534882108782e-6,135.37613002941322
country_merged,Zambia,0.0604667881864627,-0.001873054000986,0.1015841739979898,3.899358644026904e-5,-0.0014743590660632,-4416.724439584473,1.8780161367331797e-4,1.596086825041145e-5,9.646019090477228e-4,2.4488590081509543e-6,4.307697288883133e-6,254.84062005098863
country_merged,Zimbabwe,0.0632880348869674,0.0038045090367025,0.1572263978250578,1.141397875357e-4,-2.032777791281e-4,-2502.345368255665,6.461405940386449e-4,3.960227920460393e-5,0.007290231321121745,2.497632005300323e-6,8.661501685273305e-6,274.96795524300944
country_merged,eSwatini,0.4184674843716101,-0.029505799448120502,4.633195177322371,-1.634753346614e-4,-0.0167923187512515,-1544.4460784313726,0.002575492063260901,2.2841704273743568e-4,0.09021987579936827,2.1179698732617564e-5,7.736317299405541e-5,380.19011870344514
income_grp_merged,1. High income: OECD,0.0222695249975538,-0.0012820742089785,0.1270684834311057,0.0193487985506967,-3.59492820783e-4,-4218.75713740904,1.3248363622353991e-4,4.7831478798864155e-6,7.617735410217592e-4,9.555549778214369e-5,4.458620213631163e-6,76.37485180450373
income_grp_merged,2. High income: nonOECD,0.0231747131108873,-0.0024261824639367,1.322094217562869,0.1335081128399681,-0.0014733666776616,-631.1167557493463,1.5800264379247972e-4,6.451701145185953e-5,0.03214372197086145,0.0016490036403985532,4.573789714270507e-5,94.9126286053993
income_grp_merged,3. Upper middle income,0.062773167105219893,-7.801429649472e-4,0.0074154596251971,0.0182437472284476,-4.598605468475e-4,-2696.7431737208262,1.1346598234364157e-4,4.322811479700283e-6,9.893459839446055e-4,4.287949190301776e-5,3.447336646260809e-6,54.0232666049222
income_grp_merged,4. Lower middle income,0.0243462102457157,-5.845561405463e-4,0.1767108675263338,0.0087100756267083,-2.123096072534e-4,-2345.652086166805,1.2837267942990453e-4,7.99486274614297e-6,0.003580755083180014,2.8865721071678755e-5,4.9352435937201625e-6,137.63020964497275
income_grp_merged,5. Low income,0.0186889362447952,6.823226319887e-4,0.1445939943721238,0.0016563902197594,-2.752322810534e-4,-1891.3401783363668,5.637865202359601e-5,7.567115241209882e-6,0.002778488641362099,1.3886276717214827e-5,3.072269244567776e-6,69.19664220489872
region_wb_merged,East Asia & Pacific,0.1105748755756674,-0.0019350054748381,0.4057227444537404,0.0329943721020547,-2.536287235174e-4,-4478.556901312458,2.5062487180498423e-4,7.70487264250755e-6,0.0029104637455852045,9.435824016096073e-5,5.610595499933317e-6,129.63243905798353
region_wb_merged,Europe & Central Asia,0.0039058635820082,0.0011636953247788,0.0422889233635164,0.0117179717623733,9.084312861901196e-5,-555.590790881809,1.4351113161660122e-4,5.931220664747794e-6,7.28211857871781e-4,4.0363884210323815e-5,4.452196139968783e-6,51.847891357848724
region_wb_merged,Latin America & Caribbean,0.0417335286515111,-0.0024482897304633,-0.0878541945231237,0.0049038560541052,-0.0012700598931617,-2319.6354178372562,8.26127685956726e-5,5.4404521413450064e-6,0.0017785984715110216,4.7701816256538214e-5,2.79280170897354e-6,89.94943106859958
region_wb_merged,Middle East & North Africa,0.0710463477006949,-2.860830632315e-4,0.0044696867062341,0.0982397743836437,-1.368626087113e-4,-1836.682981260173,1.7125582694362348e-4,3.259663772433608e-5,0.0022998933253282616,3.468525506731983e-4,7.086659419400495e-6,112.37035986165448
region_wb_merged,North America,0.0196684007405032,-0.0019495844139677,0.0651091332903963,0.012469876251811,-6.482756784457e-4,-5487.854347524532,1.0755207797522701e-4,5.4499618673853765e-6,7.435843656881023e-4,1.5374371433441944e-4,6.295014680647601e-6,81.58488345262683
region_wb_merged,South Asia,-0.005208315507887,3.924788614233642e-5,-0.3825150654423667,0.0041029439840195,9.601194095962e-4,-5119.30798302327,3.023150959237097e-4,1.504148593029065e-5,0.0057276682645583474,3.361112272513467e-5,4.988466571185011e-6,357.59763642389623
region_wb_merged,Sub-Saharan Africa,0.0110253943598678,0.0011111759797855,0.0678421126683798,0.0034074820199328,-2.985281467e-4,-3002.4725973108903,3.1956968994318273e-5,5.665356301964707e-6,0.001567153873845831,1.02759088210609e-5,5.812444491625228e-6,84.23513873049527
